metodo_extraccion,aislamiento,replica,crecimiento_micelial_mm,porcentaje_inhibicion_micelial,conidias_log10_ml,porcentaje_inhibicion_conidias,control_crecimiento_mm,control_conidias_log10
maceracion,HC3,1,0,100.0,0.0,100.0,68.0,7.7
maceracion,HC3,2,0,100.0,0.0,100.0,68.0,7.7
maceracion,HC3,3,0,100.0,4.85,37.01298701298702,68.0,7.7
maceracion,HC5,1,18,60.8695652173913,5.53,16.2121212121212,46.0,6.6
maceracion,HC5,2,12,73.91304347826087,5.69,13.78787878787878,46.0,6.6
maceracion,HC5,3,18,60.8695652173913,5.32,19.39393939393939,46.0,6.6
maceracion,HC6,1,16,70.37037037037037,7.03,5.383580080753694,54.0,7.43
maceracion,HC6,2,12,77.77777777777777,6.08,18.16958277254374,54.0,7.43
maceracion,HC6,3,24,55.55555555555556,4.6,38.08882907133244,54.0,7.43
maceracion,HC9,1,0,100.0,6.93,4.149377593361005,64.0,7.23
maceracion,HC9,2,0,100.0,5.7,21.16182572614108,64.0,7.23
maceracion,HC9,3,0,100.0,6.72,7.053941908713703,64.0,7.23
maceracion,HC10,1,12,80.0,5.0,28.97727272727273,60.0,7.04
maceracion,HC10,2,14,76.66666666666667,5.58,20.73863636363636,60.0,7.04
maceracion,HC10,3,18,70.0,5.2,26.13636363636364,60.0,7.04
maceracion,HC15,1,0,100.0,6.03,20.96985583224115,60.0,7.63
maceracion,HC15,2,0,100.0,5.4,29.2267365661861,60.0,7.63
maceracion,HC15,3,0,100.0,6.82,10.61598951507208,60.0,7.63
maceracion,HC16,1,0,100.0,5.23,23.64963503649634,58.0,6.85
maceracion,HC16,2,14,75.86206896551724,5.92,13.57664233576642,58.0,6.85
maceracion,HC16,3,20,65.51724137931035,5.95,13.13868613138685,58.0,6.85
maceracion,HC17,1,14,81.33333333333333,5.93,22.78645833333334,75.0,7.68
maceracion,HC17,2,26,65.33333333333333,6.69,12.89062499999999,75.0,7.68
maceracion,HC17,3,16,78.66666666666667,6.29,18.09895833333333,75.0,7.68
maceracion,HC19,1,14,69.56521739130434,4.85,29.71014492753624,46.0,6.9
maceracion,HC19,2,14,69.56521739130434,5.88,14.78260869565218,46.0,6.9
maceracion,HC19,3,22,52.17391304347826,7.0,-1.449275362318835,46.0,6.9
maceracion,HC20,1,16,65.21739130434783,7.32,4.687499999999993,46.0,7.68
maceracion,HC20,2,16,65.21739130434783,7.56,1.562500000000002,46.0,7.68
maceracion,HC20,3,20,56.52173913043478,7.56,1.562500000000002,46.0,7.68
maceracion,HC23,1,0,100.0,6.32,12.58644536652836,58.0,7.23
maceracion,HC23,2,12,79.3103448275862,6.8,5.947441217150768,58.0,7.23
maceracion,HC23,3,20,65.51724137931035,6.16,14.79944674965422,58.0,7.23
maceracion,HC26,1,0,100.0,5.28,29.97347480106101,57.0,7.54
maceracion,HC26,2,0,100.0,4.95,34.3501326259947,57.0,7.54
maceracion,HC26,3,0,100.0,4.6,38.99204244031831,57.0,7.54
maceracion,HC27,1,14,72.0,5.05,35.83227445997458,50.0,7.87
maceracion,HC27,2,16,68.0,6.65,15.50190597204574,50.0,7.87
maceracion,HC27,3,14,72.0,7.3,7.242693773824654,50.0,7.87
maceracion,HC28,1,0,100.0,4.0,46.94960212201592,50.0,7.54
maceracion,HC28,2,0,100.0,5.23,30.6366047745358,50.0,7.54
maceracion,HC28,3,0,100.0,5.2,31.03448275862069,50.0,7.54
maceracion,H4B,1,0,100.0,5.97,25.09410288582183,68.0,7.97
maceracion,H4B,2,0,100.0,5.95,25.34504391468004,68.0,7.97
maceracion,H4B,3,14,79.41176470588235,6.07,23.83939774153074,68.0,7.97
maceracion,H6B,1,0,100.0,5.45,31.36020151133501,65.0,7.94
maceracion,H6B,2,0,100.0,6.34,20.15113350125945,65.0,7.94
maceracion,H6B,3,14,78.46153846153847,6.15,22.544080604534,65.0,7.94
maceracion,H4G,1,0,100.0,5.85,23.62924281984335,54.0,7.66
maceracion,H4G,2,0,100.0,6.07,20.75718015665796,54.0,7.66
maceracion,H4G,3,14,74.07407407407408,6.44,15.92689295039164,54.0,7.66
maceracion,H8G,1,0,100.0,0.0,100.0,30.0,6.23
maceracion,H8G,2,0,100.0,0.0,100.0,30.0,6.23
maceracion,H8G,3,0,100.0,4.0,35.79454253611558,30.0,6.23
maceracion,H11G,1,0,100.0,4.0,35.27508090614887,26.0,6.18
maceracion,H11G,2,0,100.0,0.0,100.0,26.0,6.18
maceracion,H11G,3,0,100.0,0.0,100.0,26.0,6.18
maceracion,H1N,1,16,68.0,6.49,13.00268096514745,50.0,7.46
maceracion,H1N,2,12,76.0,5.52,26.00536193029491,50.0,7.46
maceracion,H1N,3,28,44.0,4.3,42.35924932975871,50.0,7.46
maceracion,H2N,1,24,55.55555555555556,6.37,20.67247820672477,54.0,8.03
maceracion,H2N,2,14,74.07407407407408,5.56,30.75965130759651,54.0,8.03
maceracion,H2N,3,12,77.77777777777777,5.65,29.63885429638853,54.0,8.03
maceracion,H3N,1,0,100.0,5.8,24.28198433420366,50.0,7.66
maceracion,H3N,2,0,100.0,5.76,24.80417754569191,50.0,7.66
maceracion,H3N,3,0,100.0,5.18,32.37597911227154,50.0,7.66
maceracion,H4N,1,14,75.86206896551724,5.36,23.86363636363636,58.0,7.04
maceracion,H4N,2,16,72.41379310344827,5.56,21.02272727272728,58.0,7.04
maceracion,H4N,3,0,100.0,5.11,27.41477272727272,58.0,7.04
maceracion,H5N,1,0,100.0,5.71,26.51222651222651,60.0,7.77
maceracion,H5N,2,0,100.0,5.28,32.04633204633204,60.0,7.77
maceracion,H5N,3,0,100.0,5.69,26.76962676962676,60.0,7.77
maceracion,H6N,1,16,68.0,5.98,22.13541666666666,50.0,7.68
maceracion,H6N,2,14,72.0,5.28,31.24999999999999,50.0,7.68
maceracion,H6N,3,0,100.0,5.23,31.90104166666666,50.0,7.68
maceracion,H8N,1,0,100.0,5.0,34.8109517601043,74.0,7.67
maceracion,H8N,2,0,100.0,5.81,24.2503259452412,74.0,7.67
maceracion,H8N,3,16,78.37837837837837,6.04,21.251629726206,74.0,7.67
maceracion,H9N,1,0,100.0,5.95,21.4002642007926,70.0,7.57
maceracion,H9N,2,0,100.0,5.46,27.87318361955086,70.0,7.57
maceracion,H9N,3,0,100.0,5.45,28.00528401585205,70.0,7.57
maceracion,FU1,1,0,100.0,6.08,21.44702842377261,64.0,7.74
maceracion,FU1,2,0,100.0,5.78,25.32299741602067,64.0,7.74
maceracion,FU1,3,0,100.0,5.79,25.19379844961241,64.0,7.74
maceracion,FU2 (UCMU21),1,0,100.0,0.0,100.0,64.0,6.95
maceracion,FU2 (UCMU21),2,0,100.0,4.48,35.53956834532374,64.0,6.95
maceracion,FU2 (UCMU21),3,0,100.0,0.0,100.0,64.0,6.95
maceracion,FUSARIUM JULIAN H20,1,12,82.3529411764706,5.79,16.08695652173913,68.0,6.9
maceracion,FUSARIUM JULIAN H20,2,20,70.58823529411765,5.54,19.71014492753623,68.0,6.9
maceracion,FUSARIUM JULIAN H20,3,12,82.3529411764706,5.91,14.34782608695653,68.0,6.9
maceracion,FUSARIUM MARCE 1.2,1,0,100.0,5.95,23.52185089974293,60.0,7.78
maceracion,FUSARIUM MARCE 1.2,2,0,100.0,6.11,21.46529562982005,60.0,7.78
maceracion,FUSARIUM MARCE 1.2,3,16,73.33333333333333,6.49,16.58097686375321,60.0,7.78
soxhlet,HC3,1,30,55.88235294117647,8.0,-3.896103896103894,68.0,7.7
soxhlet,HC3,2,22,67.6470588235294,7.8,-1.298701298701294,68.0,7.7
soxhlet,HC3,3,18,73.52941176470588,8.09,-5.064935064935061,68.0,7.7
soxhlet,HC5,1,18,60.8695652173913,6.34,3.939393939393936,46.0,6.6
soxhlet,HC5,2,20,56.52173913043478,6.28,4.84848484848484,46.0,6.6
soxhlet,HC5,3,24,47.82608695652174,6.62,-0.30303030303031,46.0,6.6
soxhlet,HC6,1,36,33.33333333333334,7.34,1.211305518169581,54.0,7.43
soxhlet,HC6,2,34,37.03703703703704,7.44,-0.1345895020188516,54.0,7.43
soxhlet,HC6,3,30,44.44444444444444,6.96,6.325706594885595,54.0,7.43
soxhlet,HC9,1,15,76.5625,7.02,2.904564315352709,64.0,7.23
soxhlet,HC9,2,10,84.375,7.24,-0.1383125864453636,64.0,7.23
soxhlet,HC9,3,12,81.25,7.35,-1.659751037344387,64.0,7.23
soxhlet,HC10,1,36,40.0,5.78,17.89772727272727,60.0,7.04
soxhlet,HC10,2,20,66.66666666666667,5.78,17.89772727272727,60.0,7.04
soxhlet,HC10,3,32,46.66666666666666,6.66,5.397727272727271,60.0,7.04
soxhlet,HC15,1,32,46.66666666666666,7.83,-2.621231979030147,60.0,7.63
soxhlet,HC15,2,20,66.66666666666667,7.27,4.718217562254264,60.0,7.63
soxhlet,HC15,3,32,46.66666666666666,7.79,-2.096985583224117,60.0,7.63
soxhlet,HC16,1,20,65.51724137931035,6.36,7.153284671532837,58.0,6.85
soxhlet,HC16,2,16,72.41379310344827,6.23,9.051094890510939,58.0,6.85
soxhlet,HC16,3,36,37.93103448275862,6.94,-1.313868613138697,58.0,6.85
soxhlet,HC17,1,34,54.66666666666666,7.64,0.5208333333333338,75.0,7.68
soxhlet,HC17,2,34,54.66666666666666,7.82,-1.822916666666674,75.0,7.68
soxhlet,HC17,3,24,68.0,7.79,-1.432291666666671,75.0,7.68
soxhlet,HC19,1,28,39.1304347826087,7.16,-3.768115942028982,46.0,6.9
soxhlet,HC19,2,20,56.52173913043478,7.16,-3.768115942028982,46.0,6.9
soxhlet,HC19,3,40,13.04347826086956,7.23,-4.782608695652175,46.0,6.9
soxhlet,HC20,1,24,47.82608695652174,7.57,1.432291666666659,46.0,7.68
soxhlet,HC20,2,20,56.52173913043478,7.58,1.302083333333329,46.0,7.68
soxhlet,HC20,3,32,30.43478260869565,7.67,0.1302083333333306,46.0,7.68
soxhlet,HC23,1,26,55.17241379310344,6.91,4.426002766251733,58.0,7.23
soxhlet,HC23,2,20,65.51724137931035,7.25,-0.2766251728907271,58.0,7.23
soxhlet,HC23,3,26,55.17241379310344,6.8,5.947441217150768,58.0,7.23
soxhlet,HC26,1,20,64.91228070175438,6.57,12.86472148541114,57.0,7.54
soxhlet,HC26,2,20,64.91228070175438,6.41,14.9867374005305,57.0,7.54
soxhlet,HC26,3,24,57.89473684210526,6.98,7.427055702917766,57.0,7.54
soxhlet,HC27,1,30,40.0,7.64,2.922490470139777,50.0,7.87
soxhlet,HC27,2,20,60.0,7.57,3.811944091486656,50.0,7.87
soxhlet,HC27,3,28,44.0,7.63,3.049555273189329,50.0,7.87
soxhlet,HC28,1,20,60.0,6.43,14.72148541114059,50.0,7.54
soxhlet,HC28,2,14,72.0,6.0,20.42440318302387,50.0,7.54
soxhlet,HC28,3,24,52.0,6.57,12.86472148541114,50.0,7.54
soxhlet,H4B,1,20,70.58823529411765,7.21,9.535759096612292,68.0,7.97
soxhlet,H4B,2,18,73.52941176470588,7.15,10.28858218318694,68.0,7.97
soxhlet,H4B,3,14,79.41176470588235,7.51,5.771643663739021,68.0,7.97
soxhlet,H6B,1,14,78.46153846153847,6.28,20.90680100755667,65.0,7.94
soxhlet,H6B,2,16,75.38461538461539,7.41,6.675062972292195,65.0,7.94
soxhlet,H6B,3,16,75.38461538461539,7.15,9.94962216624685,65.0,7.94
soxhlet,H4G,1,14,74.07407407407408,7.11,7.180156657963445,54.0,7.66
soxhlet,H4G,2,20,62.96296296296296,6.78,11.48825065274151,54.0,7.66
soxhlet,H4G,3,20,62.96296296296296,6.82,10.96605744125326,54.0,7.66
soxhlet,H8G,1,20,33.33333333333334,7.79,-25.04012841091492,30.0,6.23
soxhlet,H8G,2,16,46.66666666666666,8.26,-32.58426966292134,30.0,6.23
soxhlet,H8G,3,11,63.33333333333334,7.11,-14.12520064205457,30.0,6.23
soxhlet,H11G,1,12,53.84615384615385,6.92,-11.97411003236246,26.0,6.18
soxhlet,H11G,2,12,53.84615384615385,6.02,2.588996763754048,26.0,6.18
soxhlet,H11G,3,11,57.69230769230769,7.42,-20.06472491909386,26.0,6.18
soxhlet,H1N,1,28,44.0,7.47,-0.1340482573726513,50.0,7.46
soxhlet,H1N,2,16,68.0,6.85,8.176943699731908,50.0,7.46
soxhlet,H1N,3,28,44.0,7.38,1.072386058981234,50.0,7.46
soxhlet,H2N,1,26,51.85185185185185,7.49,6.72478206724781,54.0,8.03
soxhlet,H2N,2,12,77.77777777777777,7.04,12.32876712328766,54.0,8.03
soxhlet,H2N,3,26,51.85185185185185,7.69,4.234122042341208,54.0,8.03
soxhlet,H3N,1,24,52.0,7.6,0.7832898172323824,50.0,7.66
soxhlet,H3N,2,12,76.0,6.96,9.138381201044387,50.0,7.66
soxhlet,H3N,3,26,48.0,7.72,-0.7832898172323709,50.0,7.66
soxhlet,H4N,1,22,62.06896551724138,6.51,7.528409090909095,58.0,7.04
soxhlet,H4N,2,14,75.86206896551724,6.4,9.090909090909086,58.0,7.04
soxhlet,H4N,3,24,58.62068965517241,6.93,1.562500000000004,58.0,7.04
soxhlet,H5N,1,26,56.66666666666666,6.15,20.84942084942084,60.0,7.77
soxhlet,H5N,2,16,73.33333333333333,5.9,24.06692406692406,60.0,7.77
soxhlet,H5N,3,26,56.66666666666666,6.34,18.4041184041184,60.0,7.77
soxhlet,H6N,1,30,40.0,7.41,3.515624999999995,50.0,7.68
soxhlet,H6N,2,16,68.0,7.1,7.552083333333335,50.0,7.68
soxhlet,H6N,3,26,48.0,6.62,13.80208333333333,50.0,7.68
soxhlet,H8N,1,22,70.27027027027027,5.85,23.72881355932204,74.0,7.67
soxhlet,H8N,2,20,72.97297297297297,7.86,-2.477183833116042,74.0,7.67
soxhlet,H8N,3,14,81.08108108108108,7.46,2.737940026075619,74.0,7.67
soxhlet,H9N,1,30,57.14285714285715,6.77,10.56803170409512,70.0,7.57
soxhlet,H9N,2,22,68.57142857142857,6.91,8.71862615587847,70.0,7.57
soxhlet,H9N,3,16,77.14285714285714,7.23,4.491413474240421,70.0,7.57
soxhlet,FU1,1,34,46.875,7.19,7.105943152454778,64.0,7.74
soxhlet,FU1,2,30,53.125,7.44,3.87596899224806,64.0,7.74
soxhlet,FU1,3,20,68.75,7.11,8.139534883720929,64.0,7.74
soxhlet,FU2 (UCMU21),1,20,68.75,7.07,-1.726618705035973,64.0,6.95
soxhlet,FU2 (UCMU21),2,20,68.75,6.78,2.446043165467625,64.0,6.95
soxhlet,FU2 (UCMU21),3,18,71.875,6.54,5.89928057553957,64.0,6.95
soxhlet,FUSARIUM JULIAN H20,1,20,70.58823529411765,7.11,-3.043478260869565,68.0,6.9
soxhlet,FUSARIUM JULIAN H20,2,20,70.58823529411765,6.81,1.304347826086967,68.0,6.9
soxhlet,FUSARIUM JULIAN H20,3,20,70.58823529411765,6.28,8.985507246376812,68.0,6.9
soxhlet,FUSARIUM MARCE 1.2,1,20,66.66666666666667,7.08,8.997429305912599,60.0,7.78
soxhlet,FUSARIUM MARCE 1.2,2,26,56.66666666666666,6.57,15.55269922879177,60.0,7.78
soxhlet,FUSARIUM MARCE 1.2,3,20,66.66666666666667,6.72,13.62467866323908,60.0,7.78
ultrasonido,HC3,1,35,48.52941176470588,6.96,9.610389610389614,68.0,7.7
ultrasonido,HC3,2,15,77.94117647058823,6.34,17.66233766233767,68.0,7.7
ultrasonido,HC3,3,31,54.41176470588236,7.67,0.3896103896103928,68.0,7.7
ultrasonido,HC5,1,14,69.56521739130434,7.69,-16.51515151515153,46.0,6.6
ultrasonido,HC5,2,14,69.56521739130434,7.61,-15.30303030303032,46.0,6.6
ultrasonido,HC5,3,22,52.17391304347826,7.65,-15.90909090909092,46.0,6.6
ultrasonido,HC6,1,37,31.48148148148148,7.23,2.691790040376841,54.0,7.43
ultrasonido,HC6,2,28,48.14814814814815,7.31,1.615074024226112,54.0,7.43
ultrasonido,HC6,3,37,31.48148148148148,7.33,1.345895020188421,54.0,7.43
ultrasonido,HC9,1,26,59.375,7.73,-6.915629322268326,64.0,7.23
ultrasonido,HC9,2,26,59.375,6.48,10.37344398340249,64.0,7.23
ultrasonido,HC9,3,24,62.5,7.62,-5.394190871369291,64.0,7.23
ultrasonido,HC10,1,24,60.0,7.27,-3.267045454545448,60.0,7.04
ultrasonido,HC10,2,24,60.0,7.49,-6.392045454545457,60.0,7.04
ultrasonido,HC10,3,32,46.66666666666666,7.76,-10.22727272727272,60.0,7.04
ultrasonido,HC15,1,26,56.66666666666666,8.08,-5.897771952817826,60.0,7.63
ultrasonido,HC15,2,24,60.0,7.95,-4.193971166448234,60.0,7.63
ultrasonido,HC15,3,34,43.33333333333334,8.01,-4.980340760157272,60.0,7.63
ultrasonido,HC16,1,24,58.62068965517241,8.1,-18.24817518248175,58.0,6.85
ultrasonido,HC16,2,18,68.96551724137932,8.09,-18.1021897810219,58.0,6.85
ultrasonido,HC16,3,32,44.82758620689656,8.65,-26.27737226277373,58.0,6.85
ultrasonido,HC17,1,37,50.66666666666666,7.52,2.083333333333335,75.0,7.68
ultrasonido,HC17,2,26,65.33333333333333,7.46,2.86458333333333,75.0,7.68
ultrasonido,HC17,3,36,52.0,7.29,5.078124999999996,75.0,7.68
ultrasonido,HC19,1,30,34.78260869565217,7.45,-7.97101449275362,46.0,6.9
ultrasonido,HC19,2,26,43.47826086956522,7.32,-6.086956521739129,46.0,6.9
ultrasonido,HC19,3,34,26.08695652173913,7.85,-13.76811594202897,46.0,6.9
ultrasonido,HC20,1,20,56.52173913043478,7.63,0.6510416666666644,46.0,7.68
ultrasonido,HC20,2,20,56.52173913043478,7.46,2.86458333333333,46.0,7.68
ultrasonido,HC20,3,28,39.1304347826087,7.64,0.5208333333333338,46.0,7.68
ultrasonido,HC23,1,26,55.17241379310344,6.9,4.564315352697096,58.0,7.23
ultrasonido,HC23,2,20,65.51724137931035,7.09,1.936376210235139,58.0,7.23
ultrasonido,HC23,3,32,44.82758620689656,7.45,-3.04287690179806,58.0,7.23
ultrasonido,HC26,1,20,64.91228070175438,7.43,1.458885941644567,57.0,7.54
ultrasonido,HC26,2,16,71.9298245614035,7.53,0.1326259946949574,57.0,7.54
ultrasonido,HC26,3,28,50.87719298245614,7.59,-0.6631299734747987,57.0,7.54
ultrasonido,HC27,1,30,40.0,7.92,-0.6353240152477742,50.0,7.87
ultrasonido,HC27,2,24,52.0,7.03,10.67344345616264,50.0,7.87
ultrasonido,HC27,3,34,32.0,8.13,-3.303684879288446,50.0,7.87
ultrasonido,HC28,1,18,64.0,8.12,-7.692307692307681,50.0,7.54
ultrasonido,HC28,2,20,60.0,8.0,-6.10079575596817,50.0,7.54
ultrasonido,HC28,3,26,48.0,7.84,-3.978779840848804,50.0,7.54
ultrasonido,H4B,1,30,55.88235294117647,7.95,0.250941028858213,68.0,7.97
ultrasonido,H4B,2,20,70.58823529411765,7.74,2.885821831869505,68.0,7.97
ultrasonido,H4B,3,30,55.88235294117647,7.95,0.250941028858213,68.0,7.97
ultrasonido,H6B,1,30,53.84615384615385,6.93,12.72040302267003,65.0,7.94
ultrasonido,H6B,2,13,80.0,7.14,10.07556675062973,65.0,7.94
ultrasonido,H6B,3,29,55.38461538461539,7.93,0.12594458438288,65.0,7.94
ultrasonido,H4G,1,30,44.44444444444444,7.74,-1.044386422976502,54.0,7.66
ultrasonido,H4G,2,13,75.92592592592592,7.17,6.396866840731073,54.0,7.66
ultrasonido,H4G,3,28,48.14814814814815,7.85,-2.480417754569184,54.0,7.66
ultrasonido,H8G,1,19,36.66666666666666,6.85,-9.951845906902074,30.0,6.23
ultrasonido,H8G,2,19,36.66666666666666,7.4,-18.7800963081862,30.0,6.23
ultrasonido,H8G,3,17,43.33333333333334,7.32,-17.49598715890851,30.0,6.23
ultrasonido,H11G,1,19,26.92307692307692,6.51,-5.33980582524272,26.0,6.18
ultrasonido,H11G,2,12,53.84615384615385,6.72,-8.737864077669903,26.0,6.18
ultrasonido,H11G,3,18,30.76923076923077,7.07,-14.40129449838189,26.0,6.18
ultrasonido,H1N,1,20,60.0,7.52,-0.8042895442359197,50.0,7.46
ultrasonido,H1N,2,20,60.0,7.28,2.412868632707771,50.0,7.46
ultrasonido,H1N,3,32,36.0,7.2,3.485254691689005,50.0,7.46
ultrasonido,H2N,1,16,70.37037037037037,7.98,0.6226650062266368,54.0,8.03
ultrasonido,H2N,2,18,66.66666666666667,8.13,-1.245330012453318,54.0,8.03
ultrasonido,H2N,3,18,66.66666666666667,7.9,1.618929016189278,54.0,8.03
ultrasonido,H3N,1,20,60.0,7.44,2.872062663185375,50.0,7.66
ultrasonido,H3N,2,18,64.0,7.43,3.002610966057447,50.0,7.66
ultrasonido,H3N,3,26,48.0,7.95,-3.785900783289818,50.0,7.66
ultrasonido,H4N,1,20,65.51724137931035,6.81,3.267045454545461,58.0,7.04
ultrasonido,H4N,2,18,68.96551724137932,6.83,2.982954545454545,58.0,7.04
ultrasonido,H4N,3,26,55.17241379310344,7.18,-1.988636363636359,58.0,7.04
ultrasonido,H5N,1,20,66.66666666666667,7.11,8.494208494208486,60.0,7.77
ultrasonido,H5N,2,18,70.0,6.81,12.35521235521236,60.0,7.77
ultrasonido,H5N,3,30,50.0,6.82,12.22651222651222,60.0,7.77
ultrasonido,H6N,1,18,64.0,7.19,6.380208333333324,50.0,7.68
ultrasonido,H6N,2,18,64.0,6.18,19.53125,50.0,7.68
ultrasonido,H6N,3,24,52.0,7.52,2.083333333333335,50.0,7.68
ultrasonido,H8N,1,36,51.35135135135135,7.23,5.736636245110815,74.0,7.67
ultrasonido,H8N,2,18,75.67567567567568,6.89,10.16949152542373,74.0,7.67
ultrasonido,H8N,3,32,56.75675675675676,7.18,6.388526727509781,74.0,7.67
ultrasonido,H9N,1,36,48.57142857142857,7.45,1.585204755614268,70.0,7.57
ultrasonido,H9N,2,18,74.28571428571429,7.24,4.359313077939235,70.0,7.57
ultrasonido,H9N,3,31,55.71428571428572,7.03,7.133421400264201,70.0,7.57
ultrasonido,FU1,1,35,45.3125,7.38,4.651162790697678,64.0,7.74
ultrasonido,FU1,2,24,62.5,7.51,2.971576227390186,64.0,7.74
ultrasonido,FU1,3,37,42.1875,7.42,4.134366925064603,64.0,7.74
ultrasonido,FU2 (UCMU21),1,37,42.1875,6.65,4.316546762589925,64.0,6.95
ultrasonido,FU2 (UCMU21),2,36,43.75,7.41,-6.618705035971223,64.0,6.95
ultrasonido,FU2 (UCMU21),3,36,43.75,7.31,-5.179856115107905,64.0,6.95
ultrasonido,FUSARIUM JULIAN H20,1,28,58.8235294117647,6.94,-0.5797101449275367,68.0,6.9
ultrasonido,FUSARIUM JULIAN H20,2,12,82.3529411764706,5.48,20.57971014492754,68.0,6.9
ultrasonido,FUSARIUM JULIAN H20,3,23,66.17647058823529,6.76,2.028985507246385,68.0,6.9
ultrasonido,FUSARIUM MARCE 1.2,1,34,43.33333333333334,7.2,7.455012853470437,60.0,7.78
ultrasonido,FUSARIUM MARCE 1.2,2,20,66.66666666666667,6.8,12.59640102827764,60.0,7.78
ultrasonido,FUSARIUM MARCE 1.2,3,36,40.0,7.09,8.868894601542422,60.0,7.78
