aislado_id,metodo_extraccion,grupo_experimental,replica_biologica,concentracion_mg_ml,conidias_log10,porcentaje_inhibicion_hoja,extra_medicion,es_control,hoja_origen,fila_origen,conidias_crudo,control_conidias_log10,control_conidias_crudo
FU1,maceracion,Grupo 2 - H17,1,0.0,7.74,21.447028423772608,23.987941429801893,True,MACERACIÓN,84,54954087.38576248,7.74,54954087.38576248
FU1,maceracion,Grupo 2 - H17,2,0.0,,25.32299741602067,2.2014432246566864,True,MACERACIÓN,85,,7.74,54954087.38576248
FU1,maceracion,Grupo 2 - H17,3,0.0,,25.193798449612405,,True,MACERACIÓN,86,,7.74,54954087.38576248
FU1,maceracion,Grupo 2 - H17,1,0.2,,21.447028423772608,23.987941429801893,False,MACERACIÓN,84,,7.74,54954087.38576248
FU1,maceracion,Grupo 2 - H17,2,0.2,,25.32299741602067,2.2014432246566864,False,MACERACIÓN,85,,7.74,54954087.38576248
FU1,maceracion,Grupo 2 - H17,3,0.2,,25.193798449612405,,False,MACERACIÓN,86,,7.74,54954087.38576248
FU1,maceracion,Grupo 2 - H17,1,1.0,,21.447028423772608,23.987941429801893,False,MACERACIÓN,84,,7.74,54954087.38576248
FU1,maceracion,Grupo 2 - H17,2,1.0,,25.32299741602067,2.2014432246566864,False,MACERACIÓN,85,,7.74,54954087.38576248
FU1,maceracion,Grupo 2 - H17,3,1.0,,25.193798449612405,,False,MACERACIÓN,86,,7.74,54954087.38576248
FU1,maceracion,Grupo 2 - H17,1,5.0,6.08,21.447028423772608,23.987941429801893,False,MACERACIÓN,84,1202264.4346174132,7.74,54954087.38576248
FU1,maceracion,Grupo 2 - H17,2,5.0,5.78,25.32299741602067,2.2014432246566864,False,MACERACIÓN,85,602559.5860743581,7.74,54954087.38576248
FU1,maceracion,Grupo 2 - H17,3,5.0,5.79,25.193798449612405,,False,MACERACIÓN,86,616595.0018614822,7.74,54954087.38576248
FU2 (UCMU21),maceracion,Grupo 3 - H25,1,0.0,6.95,100.0,78.51318944844125,True,MACERACIÓN,87,8912509.381337458,6.95,8912509.381337458
FU2 (UCMU21),maceracion,Grupo 3 - H25,2,0.0,,35.53956834532374,37.21624756790682,True,MACERACIÓN,88,,6.95,8912509.381337458
FU2 (UCMU21),maceracion,Grupo 3 - H25,3,0.0,,100.0,,True,MACERACIÓN,89,,6.95,8912509.381337458
FU2 (UCMU21),maceracion,Grupo 3 - H25,1,0.2,4.3,100.0,78.51318944844125,False,MACERACIÓN,87,19952.62314968879,6.95,8912509.381337458
FU2 (UCMU21),maceracion,Grupo 3 - H25,2,0.2,4.3,35.53956834532374,37.21624756790682,False,MACERACIÓN,88,19952.62314968879,6.95,8912509.381337458
FU2 (UCMU21),maceracion,Grupo 3 - H25,3,0.2,4.0,100.0,,False,MACERACIÓN,89,10000.0,6.95,8912509.381337458
FU2 (UCMU21),maceracion,Grupo 3 - H25,1,1.0,0.0,100.0,78.51318944844125,False,MACERACIÓN,87,1.0,6.95,8912509.381337458
FU2 (UCMU21),maceracion,Grupo 3 - H25,2,1.0,4.3,35.53956834532374,37.21624756790682,False,MACERACIÓN,88,19952.62314968879,6.95,8912509.381337458
FU2 (UCMU21),maceracion,Grupo 3 - H25,3,1.0,4.3,100.0,,False,MACERACIÓN,89,19952.62314968879,6.95,8912509.381337458
FU2 (UCMU21),maceracion,Grupo 3 - H25,1,5.0,0.0,100.0,78.51318944844125,False,MACERACIÓN,87,1.0,6.95,8912509.381337458
FU2 (UCMU21),maceracion,Grupo 3 - H25,2,5.0,4.48,35.53956834532374,37.21624756790682,False,MACERACIÓN,88,30199.51720402019,6.95,8912509.381337458
FU2 (UCMU21),maceracion,Grupo 3 - H25,3,5.0,0.0,100.0,,False,MACERACIÓN,89,1.0,6.95,8912509.381337458
FUSARIUM JULIAN H20,maceracion,Grupo 4 - H18,1,0.0,6.9,16.086956521739133,16.71497584541063,True,MACERACIÓN,90,7943282.347242822,6.9,7943282.347242822
FUSARIUM JULIAN H20,maceracion,Grupo 4 - H18,2,0.0,,19.71014492753624,2.73576717580053,True,MACERACIÓN,91,,6.9,7943282.347242822
FUSARIUM JULIAN H20,maceracion,Grupo 4 - H18,3,0.0,,14.347826086956523,,True,MACERACIÓN,92,,6.9,7943282.347242822
FUSARIUM JULIAN H20,maceracion,Grupo 4 - H18,1,0.2,,16.086956521739133,16.71497584541063,False,MACERACIÓN,90,,6.9,7943282.347242822
FUSARIUM JULIAN H20,maceracion,Grupo 4 - H18,2,0.2,,19.71014492753624,2.73576717580053,False,MACERACIÓN,91,,6.9,7943282.347242822
FUSARIUM JULIAN H20,maceracion,Grupo 4 - H18,3,0.2,,14.347826086956523,,False,MACERACIÓN,92,,6.9,7943282.347242822
FUSARIUM JULIAN H20,maceracion,Grupo 4 - H18,1,1.0,,16.086956521739133,16.71497584541063,False,MACERACIÓN,90,,6.9,7943282.347242822
FUSARIUM JULIAN H20,maceracion,Grupo 4 - H18,2,1.0,,19.71014492753624,2.73576717580053,False,MACERACIÓN,91,,6.9,7943282.347242822
FUSARIUM JULIAN H20,maceracion,Grupo 4 - H18,3,1.0,,14.347826086956523,,False,MACERACIÓN,92,,6.9,7943282.347242822
FUSARIUM JULIAN H20,maceracion,Grupo 4 - H18,1,5.0,5.79,16.086956521739133,16.71497584541063,False,MACERACIÓN,90,616595.0018614822,6.9,7943282.347242822
FUSARIUM JULIAN H20,maceracion,Grupo 4 - H18,2,5.0,5.54,19.71014492753624,2.73576717580053,False,MACERACIÓN,91,346736.85045253165,6.9,7943282.347242822
FUSARIUM JULIAN H20,maceracion,Grupo 4 - H18,3,5.0,5.91,14.347826086956523,,False,MACERACIÓN,92,812830.5161640996,6.9,7943282.347242822
FUSARIUM MARCE 1.2,maceracion,Grupo 3 - H27,1,0.0,7.78,23.52185089974293,20.522707797772064,True,MACERACIÓN,93,60255958.60743581,7.78,60255958.60743581
FUSARIUM MARCE 1.2,maceracion,Grupo 3 - H27,2,0.0,,21.46529562982005,3.565148939625508,True,MACERACIÓN,94,,7.78,60255958.60743581
FUSARIUM MARCE 1.2,maceracion,Grupo 3 - H27,3,0.0,,16.580976863753214,,True,MACERACIÓN,95,,7.78,60255958.60743581
FUSARIUM MARCE 1.2,maceracion,Grupo 3 - H27,1,0.2,6.98,23.52185089974293,20.522707797772064,False,MACERACIÓN,93,9549925.86021437,7.78,60255958.60743581
FUSARIUM MARCE 1.2,maceracion,Grupo 3 - H27,2,0.2,6.59,21.46529562982005,3.565148939625508,False,MACERACIÓN,94,3890451.449942805,7.78,60255958.60743581
FUSARIUM MARCE 1.2,maceracion,Grupo 3 - H27,3,0.2,6.75,16.580976863753214,,False,MACERACIÓN,95,5623413.251903491,7.78,60255958.60743581
FUSARIUM MARCE 1.2,maceracion,Grupo 3 - H27,1,1.0,6.94,23.52185089974293,20.522707797772064,False,MACERACIÓN,93,8709635.899560815,7.78,60255958.60743581
FUSARIUM MARCE 1.2,maceracion,Grupo 3 - H27,2,1.0,6.95,21.46529562982005,3.565148939625508,False,MACERACIÓN,94,8912509.381337458,7.78,60255958.60743581
FUSARIUM MARCE 1.2,maceracion,Grupo 3 - H27,3,1.0,7.06,16.580976863753214,,False,MACERACIÓN,95,11481536.214968815,7.78,60255958.60743581
FUSARIUM MARCE 1.2,maceracion,Grupo 3 - H27,1,5.0,5.95,23.52185089974293,20.522707797772064,False,MACERACIÓN,93,891250.9381337459,7.78,60255958.60743581
FUSARIUM MARCE 1.2,maceracion,Grupo 3 - H27,2,5.0,6.11,21.46529562982005,3.565148939625508,False,MACERACIÓN,94,1288249.551693135,7.78,60255958.60743581
FUSARIUM MARCE 1.2,maceracion,Grupo 3 - H27,3,5.0,6.49,16.580976863753214,,False,MACERACIÓN,95,3090295.432513592,7.78,60255958.60743581
H11G,maceracion,Grupo 4 - H33,1,0.0,6.18,35.275080906148865,78.4250269687163,True,MACERACIÓN,57,1513561.2484362072,6.18,1513561.2484362072
H11G,maceracion,Grupo 4 - H33,2,0.0,,100.0,37.368949462111686,True,MACERACIÓN,58,,6.18,1513561.2484362072
H11G,maceracion,Grupo 4 - H33,3,0.0,,100.0,,True,MACERACIÓN,59,,6.18,1513561.2484362072
H11G,maceracion,Grupo 4 - H33,1,0.2,4.0,35.275080906148865,78.4250269687163,False,MACERACIÓN,57,10000.0,6.18,1513561.2484362072
H11G,maceracion,Grupo 4 - H33,2,0.2,4.48,100.0,37.368949462111686,False,MACERACIÓN,58,30199.51720402019,6.18,1513561.2484362072
H11G,maceracion,Grupo 4 - H33,3,0.2,4.3,100.0,,False,MACERACIÓN,59,19952.62314968879,6.18,1513561.2484362072
H11G,maceracion,Grupo 4 - H33,1,1.0,0.0,35.275080906148865,78.4250269687163,False,MACERACIÓN,57,1.0,6.18,1513561.2484362072
H11G,maceracion,Grupo 4 - H33,2,1.0,4.3,100.0,37.368949462111686,False,MACERACIÓN,58,19952.62314968879,6.18,1513561.2484362072
H11G,maceracion,Grupo 4 - H33,3,1.0,4.0,100.0,,False,MACERACIÓN,59,10000.0,6.18,1513561.2484362072
H11G,maceracion,Grupo 4 - H33,1,5.0,4.0,35.275080906148865,78.4250269687163,False,MACERACIÓN,57,10000.0,6.18,1513561.2484362072
H11G,maceracion,Grupo 4 - H33,2,5.0,0.0,100.0,37.368949462111686,False,MACERACIÓN,58,1.0,6.18,1513561.2484362072
H11G,maceracion,Grupo 4 - H33,3,5.0,0.0,100.0,,False,MACERACIÓN,59,1.0,6.18,1513561.2484362072
H1N,maceracion,Grupo 2 - H10,1,0.0,7.46,13.00268096514745,27.12243074173369,True,MACERACIÓN,60,28840315.031266056,7.46,28840315.031266056
H1N,maceracion,Grupo 2 - H10,2,0.0,,26.00536193029491,14.710129455026571,True,MACERACIÓN,61,,7.46,28840315.031266056
H1N,maceracion,Grupo 2 - H10,3,0.0,,42.35924932975871,,True,MACERACIÓN,62,,7.46,28840315.031266056
H1N,maceracion,Grupo 2 - H10,1,0.2,7.18,13.00268096514745,27.12243074173369,False,MACERACIÓN,60,15135612.484362071,7.46,28840315.031266056
H1N,maceracion,Grupo 2 - H10,2,0.2,7.0,26.00536193029491,14.710129455026571,False,MACERACIÓN,61,10000000.0,7.46,28840315.031266056
H1N,maceracion,Grupo 2 - H10,3,0.2,7.24,42.35924932975871,,False,MACERACIÓN,62,17378008.28749376,7.46,28840315.031266056
H1N,maceracion,Grupo 2 - H10,1,1.0,7.48,13.00268096514745,27.12243074173369,False,MACERACIÓN,60,30199517.20402019,7.46,28840315.031266056
H1N,maceracion,Grupo 2 - H10,2,1.0,6.98,26.00536193029491,14.710129455026571,False,MACERACIÓN,61,9549925.86021437,7.46,28840315.031266056
H1N,maceracion,Grupo 2 - H10,3,1.0,7.24,42.35924932975871,,False,MACERACIÓN,62,17378008.28749376,7.46,28840315.031266056
H1N,maceracion,Grupo 2 - H10,1,5.0,6.49,13.00268096514745,27.12243074173369,False,MACERACIÓN,60,3090295.432513592,7.46,28840315.031266056
H1N,maceracion,Grupo 2 - H10,2,5.0,5.52,26.00536193029491,14.710129455026571,False,MACERACIÓN,61,331131.1214825908,7.46,28840315.031266056
H1N,maceracion,Grupo 2 - H10,3,5.0,4.3,42.35924932975871,,False,MACERACIÓN,62,19952.62314968879,7.46,28840315.031266056
H2N,maceracion,Grupo 2 - H11,1,0.0,8.03,20.67247820672477,27.023661270236605,True,MACERACIÓN,63,107151930.52376048,8.03,107151930.52376048
H2N,maceracion,Grupo 2 - H11,2,0.0,,30.75965130759652,5.5287603687230575,True,MACERACIÓN,64,,8.03,107151930.52376048
H2N,maceracion,Grupo 2 - H11,3,0.0,,29.63885429638853,,True,MACERACIÓN,65,,8.03,107151930.52376048
H2N,maceracion,Grupo 2 - H11,1,0.2,7.64,20.67247820672477,27.023661270236605,False,MACERACIÓN,63,43651583.22401656,8.03,107151930.52376048
H2N,maceracion,Grupo 2 - H11,2,0.2,7.78,30.75965130759652,5.5287603687230575,False,MACERACIÓN,64,60255958.60743581,8.03,107151930.52376048
H2N,maceracion,Grupo 2 - H11,3,0.2,7.46,29.63885429638853,,False,MACERACIÓN,65,28840315.031266056,8.03,107151930.52376048
H2N,maceracion,Grupo 2 - H11,1,1.0,7.53,20.67247820672477,27.023661270236605,False,MACERACIÓN,63,33884415.61392027,8.03,107151930.52376048
H2N,maceracion,Grupo 2 - H11,2,1.0,7.16,30.75965130759652,5.5287603687230575,False,MACERACIÓN,64,14454397.70745928,8.03,107151930.52376048
H2N,maceracion,Grupo 2 - H11,3,1.0,7.3,29.63885429638853,,False,MACERACIÓN,65,19952623.149688788,8.03,107151930.52376048
H2N,maceracion,Grupo 2 - H11,1,5.0,6.37,20.67247820672477,27.023661270236605,False,MACERACIÓN,63,2344228.8153199228,8.03,107151930.52376048
H2N,maceracion,Grupo 2 - H11,2,5.0,5.56,30.75965130759652,5.5287603687230575,False,MACERACIÓN,64,363078.054770101,8.03,107151930.52376048
H2N,maceracion,Grupo 2 - H11,3,5.0,5.65,29.63885429638853,,False,MACERACIÓN,65,446683.5921509635,8.03,107151930.52376048
H3N,maceracion,Grupo 2 - H12,1,0.0,7.66,24.28198433420366,27.15404699738904,True,MACERACIÓN,66,45708818.96148752,7.66,45708818.96148752
H3N,maceracion,Grupo 2 - H12,2,0.0,,24.80417754569191,4.529856807545021,True,MACERACIÓN,67,,7.66,45708818.96148752
H3N,maceracion,Grupo 2 - H12,3,0.0,,32.375979112271544,,True,MACERACIÓN,68,,7.66,45708818.96148752
H3N,maceracion,Grupo 2 - H12,1,0.2,7.64,24.28198433420366,27.15404699738904,False,MACERACIÓN,66,43651583.22401656,7.66,45708818.96148752
H3N,maceracion,Grupo 2 - H12,2,0.2,7.52,24.80417754569191,4.529856807545021,False,MACERACIÓN,67,33113112.14825908,7.66,45708818.96148752
H3N,maceracion,Grupo 2 - H12,3,0.2,7.67,32.375979112271544,,False,MACERACIÓN,68,46773514.12871981,7.66,45708818.96148752
H3N,maceracion,Grupo 2 - H12,1,1.0,7.4,24.28198433420366,27.15404699738904,False,MACERACIÓN,66,25118864.315095823,7.66,45708818.96148752
H3N,maceracion,Grupo 2 - H12,2,1.0,7.4,24.80417754569191,4.529856807545021,False,MACERACIÓN,67,25118864.315095823,7.66,45708818.96148752
H3N,maceracion,Grupo 2 - H12,3,1.0,7.49,32.375979112271544,,False,MACERACIÓN,68,30902954.32513592,7.66,45708818.96148752
H3N,maceracion,Grupo 2 - H12,1,5.0,5.8,24.28198433420366,27.15404699738904,False,MACERACIÓN,66,630957.344480193,7.66,45708818.96148752
H3N,maceracion,Grupo 2 - H12,2,5.0,5.76,24.80417754569191,4.529856807545021,False,MACERACIÓN,67,575439.9373371566,7.66,45708818.96148752
H3N,maceracion,Grupo 2 - H12,3,5.0,5.18,32.375979112271544,,False,MACERACIÓN,68,151356.12484362072,7.66,45708818.96148752
H4B,maceracion,Grupo 4 - H29,1,0.0,7.97,25.09410288582184,24.759514847344203,True,MACERACIÓN,45,93325430.07969904,7.97,93325430.07969905
H4B,maceracion,Grupo 4 - H29,2,0.0,,25.345043914680044,0.8066625479709716,True,MACERACIÓN,46,,7.97,93325430.07969905
H4B,maceracion,Grupo 4 - H29,3,0.0,,23.83939774153073,,True,MACERACIÓN,47,,7.97,93325430.07969905
H4B,maceracion,Grupo 4 - H29,1,0.2,8.0,25.09410288582184,24.759514847344203,False,MACERACIÓN,45,100000000.0,7.97,93325430.07969905
H4B,maceracion,Grupo 4 - H29,2,0.2,7.45,25.345043914680044,0.8066625479709716,False,MACERACIÓN,46,28183829.31264455,7.97,93325430.07969905
H4B,maceracion,Grupo 4 - H29,3,0.2,7.83,23.83939774153073,,False,MACERACIÓN,47,67608297.53919819,7.97,93325430.07969905
H4B,maceracion,Grupo 4 - H29,1,1.0,8.0,25.09410288582184,24.759514847344203,False,MACERACIÓN,45,100000000.0,7.97,93325430.07969905
H4B,maceracion,Grupo 4 - H29,2,1.0,7.9,25.345043914680044,0.8066625479709716,False,MACERACIÓN,46,79432823.47242822,7.97,93325430.07969905
H4B,maceracion,Grupo 4 - H29,3,1.0,7.95,23.83939774153073,,False,MACERACIÓN,47,89125093.8133746,7.97,93325430.07969905
H4B,maceracion,Grupo 4 - H29,1,5.0,5.97,25.09410288582184,24.759514847344203,False,MACERACIÓN,45,933254.3007969904,7.97,93325430.07969905
H4B,maceracion,Grupo 4 - H29,2,5.0,5.95,25.345043914680044,0.8066625479709716,False,MACERACIÓN,46,891250.9381337459,7.97,93325430.07969905
H4B,maceracion,Grupo 4 - H29,3,5.0,6.07,23.83939774153073,,False,MACERACIÓN,47,1174897.5549395303,7.97,93325430.07969905
H4G,maceracion,Grupo 4 - H31,1,0.0,7.66,23.62924281984335,20.104438642297648,True,MACERACIÓN,51,45708818.96148752,7.66,45708818.96148752
H4G,maceracion,Grupo 4 - H31,2,0.0,,20.757180156657963,3.892441649053698,True,MACERACIÓN,52,,7.66,45708818.96148752
H4G,maceracion,Grupo 4 - H31,3,0.0,,15.92689295039164,,True,MACERACIÓN,53,,7.66,45708818.96148752
H4G,maceracion,Grupo 4 - H31,1,0.2,8.23,23.62924281984335,20.104438642297648,False,MACERACIÓN,51,169824365.2461746,7.66,45708818.96148752
H4G,maceracion,Grupo 4 - H31,2,0.2,7.72,20.757180156657963,3.892441649053698,False,MACERACIÓN,52,52480746.02497723,7.66,45708818.96148752
H4G,maceracion,Grupo 4 - H31,3,0.2,8.02,15.92689295039164,,False,MACERACIÓN,53,104712854.80508985,7.66,45708818.96148752
H4G,maceracion,Grupo 4 - H31,1,1.0,7.97,23.62924281984335,20.104438642297648,False,MACERACIÓN,51,93325430.07969904,7.66,45708818.96148752
H4G,maceracion,Grupo 4 - H31,2,1.0,8.03,20.757180156657963,3.892441649053698,False,MACERACIÓN,52,107151930.52376048,7.66,45708818.96148752
H4G,maceracion,Grupo 4 - H31,3,1.0,7.48,15.92689295039164,,False,MACERACIÓN,53,30199517.20402019,7.66,45708818.96148752
H4G,maceracion,Grupo 4 - H31,1,5.0,5.85,23.62924281984335,20.104438642297648,False,MACERACIÓN,51,707945.7843841374,7.66,45708818.96148752
H4G,maceracion,Grupo 4 - H31,2,5.0,6.07,20.757180156657963,3.892441649053698,False,MACERACIÓN,52,1174897.5549395303,7.66,45708818.96148752
H4G,maceracion,Grupo 4 - H31,3,5.0,6.44,15.92689295039164,,False,MACERACIÓN,53,2754228.703338169,7.66,45708818.96148752
H4N,maceracion,Grupo 2 - H13,1,0.0,7.04,23.86363636363636,24.100378787878785,True,MACERACIÓN,69,10964781.961431852,7.04,10964781.961431852
H4N,maceracion,Grupo 2 - H13,2,0.0,,21.02272727272728,3.202592153993561,True,MACERACIÓN,70,,7.04,10964781.961431852
H4N,maceracion,Grupo 2 - H13,3,0.0,,27.414772727272723,,True,MACERACIÓN,71,,7.04,10964781.961431852
H4N,maceracion,Grupo 2 - H13,1,0.2,6.48,23.86363636363636,24.100378787878785,False,MACERACIÓN,69,3019951.720402019,7.04,10964781.961431852
H4N,maceracion,Grupo 2 - H13,2,0.2,7.19,21.02272727272728,3.202592153993561,False,MACERACIÓN,70,15488166.189124828,7.04,10964781.961431852
H4N,maceracion,Grupo 2 - H13,3,0.2,7.43,27.414772727272723,,False,MACERACIÓN,71,26915348.03926913,7.04,10964781.961431852
H4N,maceracion,Grupo 2 - H13,1,1.0,6.57,23.86363636363636,24.100378787878785,False,MACERACIÓN,69,3715352.290971728,7.04,10964781.961431852
H4N,maceracion,Grupo 2 - H13,2,1.0,6.46,21.02272727272728,3.202592153993561,False,MACERACIÓN,70,2884031.503126606,7.04,10964781.961431852
H4N,maceracion,Grupo 2 - H13,3,1.0,6.54,27.414772727272723,,False,MACERACIÓN,71,3467368.504525317,7.04,10964781.961431852
H4N,maceracion,Grupo 2 - H13,1,5.0,5.36,23.86363636363636,24.100378787878785,False,MACERACIÓN,69,229086.76527677747,7.04,10964781.961431852
H4N,maceracion,Grupo 2 - H13,2,5.0,5.56,21.02272727272728,3.202592153993561,False,MACERACIÓN,70,363078.054770101,7.04,10964781.961431852
H4N,maceracion,Grupo 2 - H13,3,5.0,5.11,27.414772727272723,,False,MACERACIÓN,71,128824.95516931349,7.04,10964781.961431852
H5N,maceracion,Grupo 2 - H14,1,0.0,7.77,26.51222651222651,28.44272844272844,True,MACERACIÓN,72,58884365.53555884,7.77,58884365.53555884
H5N,maceracion,Grupo 2 - H14,2,0.0,,32.04633204633204,3.123464890479175,True,MACERACIÓN,73,,7.77,58884365.53555884
H5N,maceracion,Grupo 2 - H14,3,0.0,,26.76962676962676,,True,MACERACIÓN,74,,7.77,58884365.53555884
H5N,maceracion,Grupo 2 - H14,1,0.2,,26.51222651222651,28.44272844272844,False,MACERACIÓN,72,,7.77,58884365.53555884
H5N,maceracion,Grupo 2 - H14,2,0.2,,32.04633204633204,3.123464890479175,False,MACERACIÓN,73,,7.77,58884365.53555884
H5N,maceracion,Grupo 2 - H14,3,0.2,,26.76962676962676,,False,MACERACIÓN,74,,7.77,58884365.53555884
H5N,maceracion,Grupo 2 - H14,1,1.0,,26.51222651222651,28.44272844272844,False,MACERACIÓN,72,,7.77,58884365.53555884
H5N,maceracion,Grupo 2 - H14,2,1.0,,32.04633204633204,3.123464890479175,False,MACERACIÓN,73,,7.77,58884365.53555884
H5N,maceracion,Grupo 2 - H14,3,1.0,,26.76962676962676,,False,MACERACIÓN,74,,7.77,58884365.53555884
H5N,maceracion,Grupo 2 - H14,1,5.0,5.71,26.51222651222651,28.44272844272844,False,MACERACIÓN,72,512861.3839913648,7.77,58884365.53555884
H5N,maceracion,Grupo 2 - H14,2,5.0,5.28,32.04633204633204,3.123464890479175,False,MACERACIÓN,73,190546.07179632483,7.77,58884365.53555884
H5N,maceracion,Grupo 2 - H14,3,5.0,5.69,26.76962676962676,,False,MACERACIÓN,74,489778.81936844665,7.77,58884365.53555884
H6B,maceracion,Grupo 4 - H30,1,0.0,7.94,31.360201511335013,24.68513853904282,True,MACERACIÓN,48,87096358.99560814,7.94,87096358.99560814
H6B,maceracion,Grupo 4 - H30,2,0.0,,20.15113350125945,5.903295539172794,True,MACERACIÓN,49,,7.94,87096358.99560814
H6B,maceracion,Grupo 4 - H30,3,0.0,,22.544080604534003,,True,MACERACIÓN,50,,7.94,87096358.99560814
H6B,maceracion,Grupo 4 - H30,1,0.2,7.9,31.360201511335013,24.68513853904282,False,MACERACIÓN,48,79432823.47242822,7.94,87096358.99560814
H6B,maceracion,Grupo 4 - H30,2,0.2,7.72,20.15113350125945,5.903295539172794,False,MACERACIÓN,49,52480746.02497723,7.94,87096358.99560814
H6B,maceracion,Grupo 4 - H30,3,0.2,8.03,22.544080604534003,,False,MACERACIÓN,50,107151930.52376048,7.94,87096358.99560814
H6B,maceracion,Grupo 4 - H30,1,1.0,8.08,31.360201511335013,24.68513853904282,False,MACERACIÓN,48,120226443.46174131,7.94,87096358.99560814
H6B,maceracion,Grupo 4 - H30,2,1.0,8.11,20.15113350125945,5.903295539172794,False,MACERACIÓN,49,128824955.16931322,7.94,87096358.99560814
H6B,maceracion,Grupo 4 - H30,3,1.0,7.87,22.544080604534003,,False,MACERACIÓN,50,74131024.13009177,7.94,87096358.99560814
H6B,maceracion,Grupo 4 - H30,1,5.0,5.45,31.360201511335013,24.68513853904282,False,MACERACIÓN,48,281838.2931264455,7.94,87096358.99560814
H6B,maceracion,Grupo 4 - H30,2,5.0,6.34,20.15113350125945,5.903295539172794,False,MACERACIÓN,49,2187761.623949552,7.94,87096358.99560814
H6B,maceracion,Grupo 4 - H30,3,5.0,6.15,22.544080604534003,,False,MACERACIÓN,50,1412537.5446227554,7.94,87096358.99560814
H6N,maceracion,Grupo 2 - H15,1,0.0,7.68,22.13541666666666,28.42881944444444,True,MACERACIÓN,75,47863009.2322638,7.68,47863009.2322638
H6N,maceracion,Grupo 2 - H15,2,0.0,,31.25,5.459959038806019,True,MACERACIÓN,76,,7.68,47863009.2322638
H6N,maceracion,Grupo 2 - H15,3,0.0,,31.90104166666666,,True,MACERACIÓN,77,,7.68,47863009.2322638
H6N,maceracion,Grupo 2 - H15,1,0.2,7.18,22.13541666666666,28.42881944444444,False,MACERACIÓN,75,15135612.484362071,7.68,47863009.2322638
H6N,maceracion,Grupo 2 - H15,2,0.2,7.15,31.25,5.459959038806019,False,MACERACIÓN,76,14125375.446227554,7.68,47863009.2322638
H6N,maceracion,Grupo 2 - H15,3,0.2,7.12,31.90104166666666,,False,MACERACIÓN,77,13182567.385564074,7.68,47863009.2322638
H6N,maceracion,Grupo 2 - H15,1,1.0,7.36,22.13541666666666,28.42881944444444,False,MACERACIÓN,75,22908676.52767775,7.68,47863009.2322638
H6N,maceracion,Grupo 2 - H15,2,1.0,6.79,31.25,5.459959038806019,False,MACERACIÓN,76,6165950.018614822,7.68,47863009.2322638
H6N,maceracion,Grupo 2 - H15,3,1.0,7.2,31.90104166666666,,False,MACERACIÓN,77,15848931.924611142,7.68,47863009.2322638
H6N,maceracion,Grupo 2 - H15,1,5.0,5.98,22.13541666666666,28.42881944444444,False,MACERACIÓN,75,954992.5860214368,7.68,47863009.2322638
H6N,maceracion,Grupo 2 - H15,2,5.0,5.28,31.25,5.459959038806019,False,MACERACIÓN,76,190546.07179632483,7.68,47863009.2322638
H6N,maceracion,Grupo 2 - H15,3,5.0,5.23,31.90104166666666,,False,MACERACIÓN,77,169824.3652461746,7.68,47863009.2322638
H8G,maceracion,Grupo 4 - H32,1,0.0,6.23,100.0,78.59818084537186,True,MACERACIÓN,54,1698243.652461746,6.23,1698243.652461746
H8G,maceracion,Grupo 4 - H32,2,0.0,,100.0,37.06903815021673,True,MACERACIÓN,55,,6.23,1698243.652461746
H8G,maceracion,Grupo 4 - H32,3,0.0,,35.79454253611558,,True,MACERACIÓN,56,,6.23,1698243.652461746
H8G,maceracion,Grupo 4 - H32,1,0.2,4.3,100.0,78.59818084537186,False,MACERACIÓN,54,19952.62314968879,6.23,1698243.652461746
H8G,maceracion,Grupo 4 - H32,2,0.2,4.48,100.0,37.06903815021673,False,MACERACIÓN,55,30199.51720402019,6.23,1698243.652461746
H8G,maceracion,Grupo 4 - H32,3,0.2,4.9,35.79454253611558,,False,MACERACIÓN,56,79432.82347242821,6.23,1698243.652461746
H8G,maceracion,Grupo 4 - H32,1,1.0,4.0,100.0,78.59818084537186,False,MACERACIÓN,54,10000.0,6.23,1698243.652461746
H8G,maceracion,Grupo 4 - H32,2,1.0,4.48,100.0,37.06903815021673,False,MACERACIÓN,55,30199.51720402019,6.23,1698243.652461746
H8G,maceracion,Grupo 4 - H32,3,1.0,0.0,35.79454253611558,,False,MACERACIÓN,56,1.0,6.23,1698243.652461746
H8G,maceracion,Grupo 4 - H32,1,5.0,0.0,100.0,78.59818084537186,False,MACERACIÓN,54,1.0,6.23,1698243.652461746
H8G,maceracion,Grupo 4 - H32,2,5.0,0.0,100.0,37.06903815021673,False,MACERACIÓN,55,1.0,6.23,1698243.652461746
H8G,maceracion,Grupo 4 - H32,3,5.0,4.0,35.79454253611558,,False,MACERACIÓN,56,10000.0,6.23,1698243.652461746
H8N,maceracion,Grupo 3 - H24,1,0.0,7.67,34.8109517601043,26.770969143850504,True,MACERACIÓN,78,46773514.12871981,7.67,46773514.128719814
H8N,maceracion,Grupo 3 - H24,2,0.0,,24.250325945241205,7.122431825279996,True,MACERACIÓN,79,,7.67,46773514.128719814
H8N,maceracion,Grupo 3 - H24,3,0.0,,21.251629726206,,True,MACERACIÓN,80,,7.67,46773514.128719814
H8N,maceracion,Grupo 3 - H24,1,0.2,6.36,34.8109517601043,26.770969143850504,False,MACERACIÓN,78,2290867.652767774,7.67,46773514.128719814
H8N,maceracion,Grupo 3 - H24,2,0.2,6.72,24.250325945241205,7.122431825279996,False,MACERACIÓN,79,5248074.602497723,7.67,46773514.128719814
H8N,maceracion,Grupo 3 - H24,3,0.2,6.72,21.251629726206,,False,MACERACIÓN,80,5248074.602497723,7.67,46773514.128719814
H8N,maceracion,Grupo 3 - H24,1,1.0,6.87,34.8109517601043,26.770969143850504,False,MACERACIÓN,78,7413102.413009177,7.67,46773514.128719814
H8N,maceracion,Grupo 3 - H24,2,1.0,7.18,24.250325945241205,7.122431825279996,False,MACERACIÓN,79,15135612.484362071,7.67,46773514.128719814
H8N,maceracion,Grupo 3 - H24,3,1.0,6.95,21.251629726206,,False,MACERACIÓN,80,8912509.381337458,7.67,46773514.128719814
H8N,maceracion,Grupo 3 - H24,1,5.0,5.0,34.8109517601043,26.770969143850504,False,MACERACIÓN,78,100000.0,7.67,46773514.128719814
H8N,maceracion,Grupo 3 - H24,2,5.0,5.81,24.250325945241205,7.122431825279996,False,MACERACIÓN,79,645654.2290346549,7.67,46773514.128719814
H8N,maceracion,Grupo 3 - H24,3,5.0,6.04,21.251629726206,,False,MACERACIÓN,80,1096478.196143185,7.67,46773514.128719814
H9N,maceracion,Grupo 2 - H16,1,0.0,7.57,21.4002642007926,25.75957727873184,True,MACERACIÓN,81,37153522.90971728,7.57,37153522.90971728
H9N,maceracion,Grupo 2 - H16,2,0.0,,27.87318361955086,3.77585361372696,True,MACERACIÓN,82,,7.57,37153522.90971728
H9N,maceracion,Grupo 2 - H16,3,0.0,,28.005284015852048,,True,MACERACIÓN,83,,7.57,37153522.90971728
H9N,maceracion,Grupo 2 - H16,1,0.2,,21.4002642007926,25.75957727873184,False,MACERACIÓN,81,,7.57,37153522.90971728
H9N,maceracion,Grupo 2 - H16,2,0.2,,27.87318361955086,3.77585361372696,False,MACERACIÓN,82,,7.57,37153522.90971728
H9N,maceracion,Grupo 2 - H16,3,0.2,,28.005284015852048,,False,MACERACIÓN,83,,7.57,37153522.90971728
H9N,maceracion,Grupo 2 - H16,1,1.0,,21.4002642007926,25.75957727873184,False,MACERACIÓN,81,,7.57,37153522.90971728
H9N,maceracion,Grupo 2 - H16,2,1.0,,27.87318361955086,3.77585361372696,False,MACERACIÓN,82,,7.57,37153522.90971728
H9N,maceracion,Grupo 2 - H16,3,1.0,,28.005284015852048,,False,MACERACIÓN,83,,7.57,37153522.90971728
H9N,maceracion,Grupo 2 - H16,1,5.0,5.95,21.4002642007926,25.75957727873184,False,MACERACIÓN,81,891250.9381337459,7.57,37153522.90971728
H9N,maceracion,Grupo 2 - H16,2,5.0,5.46,27.87318361955086,3.77585361372696,False,MACERACIÓN,82,288403.1503126605,7.57,37153522.90971728
H9N,maceracion,Grupo 2 - H16,3,5.0,5.45,28.005284015852048,,False,MACERACIÓN,83,281838.2931264455,7.57,37153522.90971728
HC10,maceracion,Grupo 1 - H2,1,0.0,7.04,28.977272727272727,25.28409090909091,True,MACERACIÓN,15,10964781.961431852,7.04,10964781.961431852
HC10,maceracion,Grupo 1 - H2,2,0.0,,20.738636363636363,4.184920415527321,True,MACERACIÓN,16,,7.04,10964781.961431852
HC10,maceracion,Grupo 1 - H2,3,0.0,,26.13636363636364,,True,MACERACIÓN,17,,7.04,10964781.961431852
HC10,maceracion,Grupo 1 - H2,1,0.2,6.11,28.977272727272727,25.28409090909091,False,MACERACIÓN,15,1288249.551693135,7.04,10964781.961431852
HC10,maceracion,Grupo 1 - H2,2,0.2,6.36,20.738636363636363,4.184920415527321,False,MACERACIÓN,16,2290867.652767774,7.04,10964781.961431852
HC10,maceracion,Grupo 1 - H2,3,0.2,8.08,26.13636363636364,,False,MACERACIÓN,17,120226443.46174131,7.04,10964781.961431852
HC10,maceracion,Grupo 1 - H2,1,1.0,6.26,28.977272727272727,25.28409090909091,False,MACERACIÓN,15,1819700.8586099823,7.04,10964781.961431852
HC10,maceracion,Grupo 1 - H2,2,1.0,7.45,20.738636363636363,4.184920415527321,False,MACERACIÓN,16,28183829.31264455,7.04,10964781.961431852
HC10,maceracion,Grupo 1 - H2,3,1.0,6.18,26.13636363636364,,False,MACERACIÓN,17,1513561.2484362072,7.04,10964781.961431852
HC10,maceracion,Grupo 1 - H2,1,5.0,5.0,28.977272727272727,25.28409090909091,False,MACERACIÓN,15,100000.0,7.04,10964781.961431852
HC10,maceracion,Grupo 1 - H2,2,5.0,5.58,20.738636363636363,4.184920415527321,False,MACERACIÓN,16,380189.3963205613,7.04,10964781.961431852
HC10,maceracion,Grupo 1 - H2,3,5.0,5.2,26.13636363636364,,False,MACERACIÓN,17,158489.3192461114,7.04,10964781.961431852
HC15,maceracion,Grupo 1 - H3,1,0.0,7.63,20.96985583224115,20.27086063783312,True,MACERACIÓN,18,42657951.88015926,7.63,42657951.88015926
HC15,maceracion,Grupo 1 - H3,2,0.0,,29.2267365661861,9.325042743145548,True,MACERACIÓN,19,,7.63,42657951.88015926
HC15,maceracion,Grupo 1 - H3,3,0.0,,10.615989515072078,,True,MACERACIÓN,20,,7.63,42657951.88015926
HC15,maceracion,Grupo 1 - H3,1,0.2,6.73,20.96985583224115,20.27086063783312,False,MACERACIÓN,18,5370317.963702532,7.63,42657951.88015926
HC15,maceracion,Grupo 1 - H3,2,0.2,7.82,29.2267365661861,9.325042743145548,False,MACERACIÓN,19,66069344.80075964,7.63,42657951.88015926
HC15,maceracion,Grupo 1 - H3,3,0.2,7.77,10.615989515072078,,False,MACERACIÓN,20,58884365.53555884,7.63,42657951.88015926
HC15,maceracion,Grupo 1 - H3,1,1.0,6.63,20.96985583224115,20.27086063783312,False,MACERACIÓN,18,4265795.188015926,7.63,42657951.88015926
HC15,maceracion,Grupo 1 - H3,2,1.0,7.86,29.2267365661861,9.325042743145548,False,MACERACIÓN,19,72443596.00749905,7.63,42657951.88015926
HC15,maceracion,Grupo 1 - H3,3,1.0,7.56,10.615989515072078,,False,MACERACIÓN,20,36307805.4770101,7.63,42657951.88015926
HC15,maceracion,Grupo 1 - H3,1,5.0,6.03,20.96985583224115,20.27086063783312,False,MACERACIÓN,18,1071519.305237607,7.63,42657951.88015926
HC15,maceracion,Grupo 1 - H3,2,5.0,5.4,29.2267365661861,9.325042743145548,False,MACERACIÓN,19,251188.6431509582,7.63,42657951.88015926
HC15,maceracion,Grupo 1 - H3,3,5.0,6.82,10.615989515072078,,False,MACERACIÓN,20,6606934.480075965,7.63,42657951.88015926
HC16,maceracion,Grupo 1 - H4,1,0.0,6.85,23.64963503649634,16.788321167883204,True,MACERACIÓN,21,7079457.843841373,6.85,7079457.843841373
HC16,maceracion,Grupo 1 - H4,2,0.0,,13.57664233576642,5.946105650924466,True,MACERACIÓN,22,,6.85,7079457.843841373
HC16,maceracion,Grupo 1 - H4,3,0.0,,13.138686131386851,,True,MACERACIÓN,23,,6.85,7079457.843841373
HC16,maceracion,Grupo 1 - H4,1,0.2,6.25,23.64963503649634,16.788321167883204,False,MACERACIÓN,21,1778279.410038923,6.85,7079457.843841373
HC16,maceracion,Grupo 1 - H4,2,0.2,7.0,13.57664233576642,5.946105650924466,False,MACERACIÓN,22,10000000.0,6.85,7079457.843841373
HC16,maceracion,Grupo 1 - H4,3,0.2,7.81,13.138686131386851,,False,MACERACIÓN,23,64565422.903465495,6.85,7079457.843841373
HC16,maceracion,Grupo 1 - H4,1,1.0,6.75,23.64963503649634,16.788321167883204,False,MACERACIÓN,21,5623413.251903491,6.85,7079457.843841373
HC16,maceracion,Grupo 1 - H4,2,1.0,6.07,13.57664233576642,5.946105650924466,False,MACERACIÓN,22,1174897.5549395303,6.85,7079457.843841373
HC16,maceracion,Grupo 1 - H4,3,1.0,6.03,13.138686131386851,,False,MACERACIÓN,23,1071519.305237607,6.85,7079457.843841373
HC16,maceracion,Grupo 1 - H4,1,5.0,5.23,23.64963503649634,16.788321167883204,False,MACERACIÓN,21,169824.3652461746,6.85,7079457.843841373
HC16,maceracion,Grupo 1 - H4,2,5.0,5.92,13.57664233576642,5.946105650924466,False,MACERACIÓN,22,831763.7711026708,6.85,7079457.843841373
HC16,maceracion,Grupo 1 - H4,3,5.0,5.95,13.138686131386851,,False,MACERACIÓN,23,891250.9381337459,6.85,7079457.843841373
HC17,maceracion,Grupo 3 - H21,1,0.0,7.68,22.786458333333336,17.925347222222218,True,MACERACIÓN,24,47863009.2322638,7.68,47863009.2322638
HC17,maceracion,Grupo 3 - H21,2,0.0,,12.890624999999991,4.950200496313634,True,MACERACIÓN,25,,7.68,47863009.2322638
HC17,maceracion,Grupo 3 - H21,3,0.0,,18.09895833333333,,True,MACERACIÓN,26,,7.68,47863009.2322638
HC17,maceracion,Grupo 3 - H21,1,0.2,7.15,22.786458333333336,17.925347222222218,False,MACERACIÓN,24,14125375.446227554,7.68,47863009.2322638
HC17,maceracion,Grupo 3 - H21,2,0.2,7.23,12.890624999999991,4.950200496313634,False,MACERACIÓN,25,16982436.52461746,7.68,47863009.2322638
HC17,maceracion,Grupo 3 - H21,3,0.2,6.76,18.09895833333333,,False,MACERACIÓN,26,5754399.373371567,7.68,47863009.2322638
HC17,maceracion,Grupo 3 - H21,1,1.0,7.04,22.786458333333336,17.925347222222218,False,MACERACIÓN,24,10964781.961431852,7.68,47863009.2322638
HC17,maceracion,Grupo 3 - H21,2,1.0,7.08,12.890624999999991,4.950200496313634,False,MACERACIÓN,25,12022644.34617413,7.68,47863009.2322638
HC17,maceracion,Grupo 3 - H21,3,1.0,7.1,18.09895833333333,,False,MACERACIÓN,26,12589254.117941665,7.68,47863009.2322638
HC17,maceracion,Grupo 3 - H21,1,5.0,5.93,22.786458333333336,17.925347222222218,False,MACERACIÓN,24,851138.0382023759,7.68,47863009.2322638
HC17,maceracion,Grupo 3 - H21,2,5.0,6.69,12.890624999999991,4.950200496313634,False,MACERACIÓN,25,4897788.193684466,7.68,47863009.2322638
HC17,maceracion,Grupo 3 - H21,3,5.0,6.29,18.09895833333333,,False,MACERACIÓN,26,1949844.5997580453,7.68,47863009.2322638
HC19,maceracion,Grupo 1 - H5,1,0.0,6.9,29.71014492753624,14.347826086956529,True,MACERACIÓN,27,7943282.347242822,6.9,7943282.347242822
HC19,maceracion,Grupo 1 - H5,2,0.0,,14.78260869565218,15.584259531257048,True,MACERACIÓN,28,,6.9,7943282.347242822
HC19,maceracion,Grupo 1 - H5,3,0.0,,-1.4492753623188352,,True,MACERACIÓN,29,,6.9,7943282.347242822
HC19,maceracion,Grupo 1 - H5,1,0.2,6.7,29.71014492753624,14.347826086956529,False,MACERACIÓN,27,5011872.336272725,6.9,7943282.347242822
HC19,maceracion,Grupo 1 - H5,2,0.2,7.38,14.78260869565218,15.584259531257048,False,MACERACIÓN,28,23988329.190194897,6.9,7943282.347242822
HC19,maceracion,Grupo 1 - H5,3,0.2,7.32,-1.4492753623188352,,False,MACERACIÓN,29,20892961.308540408,6.9,7943282.347242822
HC19,maceracion,Grupo 1 - H5,1,1.0,6.52,29.71014492753624,14.347826086956529,False,MACERACIÓN,27,3311311.214825908,6.9,7943282.347242822
HC19,maceracion,Grupo 1 - H5,2,1.0,7.18,14.78260869565218,15.584259531257048,False,MACERACIÓN,28,15135612.484362071,6.9,7943282.347242822
HC19,maceracion,Grupo 1 - H5,3,1.0,7.45,-1.4492753623188352,,False,MACERACIÓN,29,28183829.31264455,6.9,7943282.347242822
HC19,maceracion,Grupo 1 - H5,1,5.0,4.85,29.71014492753624,14.347826086956529,False,MACERACIÓN,27,70794.57843841374,6.9,7943282.347242822
HC19,maceracion,Grupo 1 - H5,2,5.0,5.88,14.78260869565218,15.584259531257048,False,MACERACIÓN,28,758577.5750291835,6.9,7943282.347242822
HC19,maceracion,Grupo 1 - H5,3,5.0,7.0,-1.4492753623188352,,False,MACERACIÓN,29,10000000.0,6.9,7943282.347242822
HC20,maceracion,Grupo 1 - H6,1,0.0,7.68,4.687499999999993,2.6041666666666656,True,MACERACIÓN,30,47863009.2322638,7.68,47863009.2322638
HC20,maceracion,Grupo 1 - H6,2,0.0,,1.5625000000000016,1.8042195912175747,True,MACERACIÓN,31,,7.68,47863009.2322638
HC20,maceracion,Grupo 1 - H6,3,0.0,,1.5625000000000016,,True,MACERACIÓN,32,,7.68,47863009.2322638
HC20,maceracion,Grupo 1 - H6,1,0.2,7.26,4.687499999999993,2.6041666666666656,False,MACERACIÓN,30,18197008.586099826,7.68,47863009.2322638
HC20,maceracion,Grupo 1 - H6,2,0.2,7.76,1.5625000000000016,1.8042195912175747,False,MACERACIÓN,31,57543993.73371567,7.68,47863009.2322638
HC20,maceracion,Grupo 1 - H6,3,0.2,7.18,1.5625000000000016,,False,MACERACIÓN,32,15135612.484362071,7.68,47863009.2322638
HC20,maceracion,Grupo 1 - H6,1,1.0,6.89,4.687499999999993,2.6041666666666656,False,MACERACIÓN,30,7762471.166286912,7.68,47863009.2322638
HC20,maceracion,Grupo 1 - H6,2,1.0,7.52,1.5625000000000016,1.8042195912175747,False,MACERACIÓN,31,33113112.14825908,7.68,47863009.2322638
HC20,maceracion,Grupo 1 - H6,3,1.0,7.28,1.5625000000000016,,False,MACERACIÓN,32,19054607.17963248,7.68,47863009.2322638
HC20,maceracion,Grupo 1 - H6,1,5.0,7.32,4.687499999999993,2.6041666666666656,False,MACERACIÓN,30,20892961.308540408,7.68,47863009.2322638
HC20,maceracion,Grupo 1 - H6,2,5.0,7.56,1.5625000000000016,1.8042195912175747,False,MACERACIÓN,31,36307805.4770101,7.68,47863009.2322638
HC20,maceracion,Grupo 1 - H6,3,5.0,7.56,1.5625000000000016,,False,MACERACIÓN,32,36307805.4770101,7.68,47863009.2322638
HC23,maceracion,Grupo 1 - H7,1,0.0,7.23,12.586445366528356,11.111111111111114,True,MACERACIÓN,33,16982436.52461746,7.23,16982436.52461746
HC23,maceracion,Grupo 1 - H7,2,0.0,,5.947441217150768,4.606729736024633,True,MACERACIÓN,34,,7.23,16982436.52461746
HC23,maceracion,Grupo 1 - H7,3,0.0,,14.79944674965422,,True,MACERACIÓN,35,,7.23,16982436.52461746
HC23,maceracion,Grupo 1 - H7,1,0.2,7.23,12.586445366528356,11.111111111111114,False,MACERACIÓN,33,16982436.52461746,7.23,16982436.52461746
HC23,maceracion,Grupo 1 - H7,2,0.2,7.59,5.947441217150768,4.606729736024633,False,MACERACIÓN,34,38904514.49942805,7.23,16982436.52461746
HC23,maceracion,Grupo 1 - H7,3,0.2,7.24,14.79944674965422,,False,MACERACIÓN,35,17378008.28749376,7.23,16982436.52461746
HC23,maceracion,Grupo 1 - H7,1,1.0,6.41,12.586445366528356,11.111111111111114,False,MACERACIÓN,33,2570395.7827688647,7.23,16982436.52461746
HC23,maceracion,Grupo 1 - H7,2,1.0,6.9,5.947441217150768,4.606729736024633,False,MACERACIÓN,34,7943282.347242822,7.23,16982436.52461746
HC23,maceracion,Grupo 1 - H7,3,1.0,7.08,14.79944674965422,,False,MACERACIÓN,35,12022644.34617413,7.23,16982436.52461746
HC23,maceracion,Grupo 1 - H7,1,5.0,6.32,12.586445366528356,11.111111111111114,False,MACERACIÓN,33,2089296.1308540408,7.23,16982436.52461746
HC23,maceracion,Grupo 1 - H7,2,5.0,6.8,5.947441217150768,4.606729736024633,False,MACERACIÓN,34,6309573.44480193,7.23,16982436.52461746
HC23,maceracion,Grupo 1 - H7,3,5.0,6.16,14.79944674965422,,False,MACERACIÓN,35,1445439.770745928,7.23,16982436.52461746
HC26,maceracion,Grupo 3 - H22,1,0.0,7.54,29.973474801061005,34.43854995579134,True,MACERACIÓN,36,34673685.045253165,7.54,34673685.045253165
HC26,maceracion,Grupo 3 - H22,2,0.0,,34.350132625994696,4.509933900194191,True,MACERACIÓN,37,,7.54,34673685.045253165
HC26,maceracion,Grupo 3 - H22,3,0.0,,38.99204244031831,,True,MACERACIÓN,38,,7.54,34673685.045253165
HC26,maceracion,Grupo 3 - H22,1,0.2,,29.973474801061005,34.43854995579134,False,MACERACIÓN,36,,7.54,34673685.045253165
HC26,maceracion,Grupo 3 - H22,2,0.2,,34.350132625994696,4.509933900194191,False,MACERACIÓN,37,,7.54,34673685.045253165
HC26,maceracion,Grupo 3 - H22,3,0.2,,38.99204244031831,,False,MACERACIÓN,38,,7.54,34673685.045253165
HC26,maceracion,Grupo 3 - H22,1,1.0,,29.973474801061005,34.43854995579134,False,MACERACIÓN,36,,7.54,34673685.045253165
HC26,maceracion,Grupo 3 - H22,2,1.0,,34.350132625994696,4.509933900194191,False,MACERACIÓN,37,,7.54,34673685.045253165
HC26,maceracion,Grupo 3 - H22,3,1.0,,38.99204244031831,,False,MACERACIÓN,38,,7.54,34673685.045253165
HC26,maceracion,Grupo 3 - H22,1,5.0,5.28,29.973474801061005,34.43854995579134,False,MACERACIÓN,36,190546.07179632483,7.54,34673685.045253165
HC26,maceracion,Grupo 3 - H22,2,5.0,4.95,34.350132625994696,4.509933900194191,False,MACERACIÓN,37,89125.0938133746,7.54,34673685.045253165
HC26,maceracion,Grupo 3 - H22,3,5.0,4.6,38.99204244031831,,False,MACERACIÓN,38,39810.71705534969,7.54,34673685.045253165
HC27,maceracion,Grupo 1 - H8,1,0.0,7.87,35.832274459974585,19.52562473528166,True,MACERACIÓN,39,74131024.13009177,7.87,74131024.13009177
HC27,maceracion,Grupo 1 - H8,2,0.0,,15.50190597204574,14.713387287320412,True,MACERACIÓN,40,,7.87,74131024.13009177
HC27,maceracion,Grupo 1 - H8,3,0.0,,7.242693773824654,,True,MACERACIÓN,41,,7.87,74131024.13009177
HC27,maceracion,Grupo 1 - H8,1,0.2,5.4,35.832274459974585,19.52562473528166,False,MACERACIÓN,39,251188.6431509582,7.87,74131024.13009177
HC27,maceracion,Grupo 1 - H8,2,0.2,7.3,15.50190597204574,14.713387287320412,False,MACERACIÓN,40,19952623.149688788,7.87,74131024.13009177
HC27,maceracion,Grupo 1 - H8,3,0.2,7.6,7.242693773824654,,False,MACERACIÓN,41,39810717.05534969,7.87,74131024.13009177
HC27,maceracion,Grupo 1 - H8,1,1.0,7.45,35.832274459974585,19.52562473528166,False,MACERACIÓN,39,28183829.31264455,7.87,74131024.13009177
HC27,maceracion,Grupo 1 - H8,2,1.0,7.84,15.50190597204574,14.713387287320412,False,MACERACIÓN,40,69183097.09189363,7.87,74131024.13009177
HC27,maceracion,Grupo 1 - H8,3,1.0,7.59,7.242693773824654,,False,MACERACIÓN,41,38904514.49942805,7.87,74131024.13009177
HC27,maceracion,Grupo 1 - H8,1,5.0,5.05,35.832274459974585,19.52562473528166,False,MACERACIÓN,39,112201.84543019628,7.87,74131024.13009177
HC27,maceracion,Grupo 1 - H8,2,5.0,6.65,15.50190597204574,14.713387287320412,False,MACERACIÓN,40,4466835.921509635,7.87,74131024.13009177
HC27,maceracion,Grupo 1 - H8,3,5.0,7.3,7.242693773824654,,False,MACERACIÓN,41,19952623.149688788,7.87,74131024.13009177
HC28,maceracion,Grupo 1 - H9,1,0.0,7.54,46.94960212201592,36.206896551724135,True,MACERACIÓN,42,34673685.045253165,7.54,34673685.045253165
HC28,maceracion,Grupo 1 - H9,2,0.0,,30.636604774535805,9.305582676546283,True,MACERACIÓN,43,,7.54,34673685.045253165
HC28,maceracion,Grupo 1 - H9,3,0.0,,31.03448275862069,,True,MACERACIÓN,44,,7.54,34673685.045253165
HC28,maceracion,Grupo 1 - H9,1,0.2,5.41,46.94960212201592,36.206896551724135,False,MACERACIÓN,42,257039.5782768865,7.54,34673685.045253165
HC28,maceracion,Grupo 1 - H9,2,0.2,6.58,30.636604774535805,9.305582676546283,False,MACERACIÓN,43,3801893.9632056127,7.54,34673685.045253165
HC28,maceracion,Grupo 1 - H9,3,0.2,6.86,31.03448275862069,,False,MACERACIÓN,44,7244359.600749906,7.54,34673685.045253165
HC28,maceracion,Grupo 1 - H9,1,1.0,6.73,46.94960212201592,36.206896551724135,False,MACERACIÓN,42,5370317.963702532,7.54,34673685.045253165
HC28,maceracion,Grupo 1 - H9,2,1.0,6.84,30.636604774535805,9.305582676546283,False,MACERACIÓN,43,6918309.709189363,7.54,34673685.045253165
HC28,maceracion,Grupo 1 - H9,3,1.0,6.51,31.03448275862069,,False,MACERACIÓN,44,3235936.569296281,7.54,34673685.045253165
HC28,maceracion,Grupo 1 - H9,1,5.0,4.0,46.94960212201592,36.206896551724135,False,MACERACIÓN,42,10000.0,7.54,34673685.045253165
HC28,maceracion,Grupo 1 - H9,2,5.0,5.23,30.636604774535805,9.305582676546283,False,MACERACIÓN,43,169824.3652461746,7.54,34673685.045253165
HC28,maceracion,Grupo 1 - H9,3,5.0,5.2,31.03448275862069,,False,MACERACIÓN,44,158489.3192461114,7.54,34673685.045253165
HC3,maceracion,Grupo 3 - H19,1,0.0,7.7,100.0,79.00432900432901,True,MACERACIÓN,3,50118723.36272725,7.7,50118723.36272725
HC3,maceracion,Grupo 3 - H19,2,0.0,,100.0,36.36556890350241,True,MACERACIÓN,4,,7.7,50118723.36272725
HC3,maceracion,Grupo 3 - H19,3,0.0,,37.01298701298702,,True,MACERACIÓN,5,,7.7,50118723.36272725
HC3,maceracion,Grupo 3 - H19,1,0.2,0.0,100.0,79.00432900432901,False,MACERACIÓN,3,1.0,7.7,50118723.36272725
HC3,maceracion,Grupo 3 - H19,2,0.2,0.0,100.0,36.36556890350241,False,MACERACIÓN,4,1.0,7.7,50118723.36272725
HC3,maceracion,Grupo 3 - H19,3,0.2,0.0,37.01298701298702,,False,MACERACIÓN,5,1.0,7.7,50118723.36272725
HC3,maceracion,Grupo 3 - H19,1,1.0,0.0,100.0,79.00432900432901,False,MACERACIÓN,3,1.0,7.7,50118723.36272725
HC3,maceracion,Grupo 3 - H19,2,1.0,0.0,100.0,36.36556890350241,False,MACERACIÓN,4,1.0,7.7,50118723.36272725
HC3,maceracion,Grupo 3 - H19,3,1.0,0.0,37.01298701298702,,False,MACERACIÓN,5,1.0,7.7,50118723.36272725
HC3,maceracion,Grupo 3 - H19,1,5.0,0.0,100.0,79.00432900432901,False,MACERACIÓN,3,1.0,7.7,50118723.36272725
HC3,maceracion,Grupo 3 - H19,2,5.0,0.0,100.0,36.36556890350241,False,MACERACIÓN,4,1.0,7.7,50118723.36272725
HC3,maceracion,Grupo 3 - H19,3,5.0,4.85,37.01298701298702,,False,MACERACIÓN,5,70794.57843841374,7.7,50118723.36272725
HC5,maceracion,Grupo 1 - H1,1,0.0,6.6,16.212121212121204,16.464646464646457,True,MACERACIÓN,6,3981071.7055349695,6.6,3981071.7055349695
HC5,maceracion,Grupo 1 - H1,2,0.0,,13.787878787878778,2.811548618124613,True,MACERACIÓN,7,,6.6,3981071.7055349695
HC5,maceracion,Grupo 1 - H1,3,0.0,,19.393939393939387,,True,MACERACIÓN,8,,6.6,3981071.7055349695
HC5,maceracion,Grupo 1 - H1,1,0.2,6.4,16.212121212121204,16.464646464646457,False,MACERACIÓN,6,2511886.4315095823,6.6,3981071.7055349695
HC5,maceracion,Grupo 1 - H1,2,0.2,6.32,13.787878787878778,2.811548618124613,False,MACERACIÓN,7,2089296.1308540408,6.6,3981071.7055349695
HC5,maceracion,Grupo 1 - H1,3,0.2,6.13,19.393939393939387,,False,MACERACIÓN,8,1348962.8825916534,6.6,3981071.7055349695
HC5,maceracion,Grupo 1 - H1,1,1.0,6.32,16.212121212121204,16.464646464646457,False,MACERACIÓN,6,2089296.1308540408,6.6,3981071.7055349695
HC5,maceracion,Grupo 1 - H1,2,1.0,6.68,13.787878787878778,2.811548618124613,False,MACERACIÓN,7,4786300.923226381,6.6,3981071.7055349695
HC5,maceracion,Grupo 1 - H1,3,1.0,6.85,19.393939393939387,,False,MACERACIÓN,8,7079457.843841373,6.6,3981071.7055349695
HC5,maceracion,Grupo 1 - H1,1,5.0,5.53,16.212121212121204,16.464646464646457,False,MACERACIÓN,6,338844.1561392028,6.6,3981071.7055349695
HC5,maceracion,Grupo 1 - H1,2,5.0,5.69,13.787878787878778,2.811548618124613,False,MACERACIÓN,7,489778.81936844665,6.6,3981071.7055349695
HC5,maceracion,Grupo 1 - H1,3,5.0,5.32,19.393939393939387,,False,MACERACIÓN,8,208929.6130854041,6.6,3981071.7055349695
HC6,maceracion,Grupo 4 - H28,1,0.0,7.43,5.383580080753694,20.54733064154329,True,MACERACIÓN,9,26915348.03926913,7.43,26915348.039269138
HC6,maceracion,Grupo 4 - H28,2,0.0,,18.169582772543738,16.481765426687065,True,MACERACIÓN,10,,7.43,26915348.039269138
HC6,maceracion,Grupo 4 - H28,3,0.0,,38.08882907133244,,True,MACERACIÓN,11,,7.43,26915348.039269138
HC6,maceracion,Grupo 4 - H28,1,0.2,7.45,5.383580080753694,20.54733064154329,False,MACERACIÓN,9,28183829.31264455,7.43,26915348.039269138
HC6,maceracion,Grupo 4 - H28,2,0.2,8.45,18.169582772543738,16.481765426687065,False,MACERACIÓN,10,281838293.12644494,7.43,26915348.039269138
HC6,maceracion,Grupo 4 - H28,3,0.2,7.57,38.08882907133244,,False,MACERACIÓN,11,37153522.90971728,7.43,26915348.039269138
HC6,maceracion,Grupo 4 - H28,1,1.0,7.09,5.383580080753694,20.54733064154329,False,MACERACIÓN,9,12302687.70812381,7.43,26915348.039269138
HC6,maceracion,Grupo 4 - H28,2,1.0,7.46,18.169582772543738,16.481765426687065,False,MACERACIÓN,10,28840315.031266056,7.43,26915348.039269138
HC6,maceracion,Grupo 4 - H28,3,1.0,7.43,38.08882907133244,,False,MACERACIÓN,11,26915348.03926913,7.43,26915348.039269138
HC6,maceracion,Grupo 4 - H28,1,5.0,7.03,5.383580080753694,20.54733064154329,False,MACERACIÓN,9,10715193.052376073,7.43,26915348.039269138
HC6,maceracion,Grupo 4 - H28,2,5.0,6.08,18.169582772543738,16.481765426687065,False,MACERACIÓN,10,1202264.4346174132,7.43,26915348.039269138
HC6,maceracion,Grupo 4 - H28,3,5.0,4.6,38.08882907133244,,False,MACERACIÓN,11,39810.71705534969,7.43,26915348.039269138
HC9,maceracion,Grupo 4 - H20,1,0.0,7.23,4.149377593361005,10.788381742738595,True,MACERACIÓN,12,16982436.52461746,7.23,16982436.52461746
HC9,maceracion,Grupo 4 - H20,2,0.0,,21.16182572614108,9.100295518448672,True,MACERACIÓN,13,,7.23,16982436.52461746
HC9,maceracion,Grupo 4 - H20,3,0.0,,7.053941908713703,,True,MACERACIÓN,14,,7.23,16982436.52461746
HC9,maceracion,Grupo 4 - H20,1,0.2,,4.149377593361005,10.788381742738595,False,MACERACIÓN,12,,7.23,16982436.52461746
HC9,maceracion,Grupo 4 - H20,2,0.2,,21.16182572614108,9.100295518448672,False,MACERACIÓN,13,,7.23,16982436.52461746
HC9,maceracion,Grupo 4 - H20,3,0.2,,7.053941908713703,,False,MACERACIÓN,14,,7.23,16982436.52461746
HC9,maceracion,Grupo 4 - H20,1,1.0,,4.149377593361005,10.788381742738595,False,MACERACIÓN,12,,7.23,16982436.52461746
HC9,maceracion,Grupo 4 - H20,2,1.0,,21.16182572614108,9.100295518448672,False,MACERACIÓN,13,,7.23,16982436.52461746
HC9,maceracion,Grupo 4 - H20,3,1.0,,7.053941908713703,,False,MACERACIÓN,14,,7.23,16982436.52461746
HC9,maceracion,Grupo 4 - H20,1,5.0,6.93,4.149377593361005,10.788381742738595,False,MACERACIÓN,12,8511380.38202376,7.23,16982436.52461746
HC9,maceracion,Grupo 4 - H20,2,5.0,5.7,21.16182572614108,9.100295518448672,False,MACERACIÓN,13,501187.2336272725,7.23,16982436.52461746
HC9,maceracion,Grupo 4 - H20,3,5.0,6.72,7.053941908713703,,False,MACERACIÓN,14,5248074.602497723,7.23,16982436.52461746
FU1,soxhlet,Grupo 2 - H17,1,0.0,7.74,7.1059431524547785,6.373815676141255,True,SOXHLET,84,54954087.38576248,7.74,54954087.38576248
FU1,soxhlet,Grupo 2 - H17,2,0.0,,3.87596899224806,2.224074303820044,True,SOXHLET,85,,7.74,54954087.38576248
FU1,soxhlet,Grupo 2 - H17,3,0.0,,8.139534883720929,,True,SOXHLET,86,,7.74,54954087.38576248
FU1,soxhlet,Grupo 2 - H17,1,5.0,7.19,7.1059431524547785,6.373815676141255,False,SOXHLET,84,15488166.189124828,7.74,54954087.38576248
FU1,soxhlet,Grupo 2 - H17,2,5.0,7.44,3.87596899224806,2.224074303820044,False,SOXHLET,85,27542287.03338169,7.74,54954087.38576248
FU1,soxhlet,Grupo 2 - H17,3,5.0,7.11,8.139534883720929,,False,SOXHLET,86,12882495.51693135,7.74,54954087.38576248
FU2 (UCMU21),soxhlet,Grupo 3 - H25,1,0.0,6.95,-1.7266187050359727,2.206235011990408,True,SOXHLET,87,8912509.381337458,6.95,8912509.381337458
FU2 (UCMU21),soxhlet,Grupo 3 - H25,2,0.0,,2.446043165467625,3.818601304434159,True,SOXHLET,88,,6.95,8912509.381337458
FU2 (UCMU21),soxhlet,Grupo 3 - H25,3,0.0,,5.89928057553957,,True,SOXHLET,89,,6.95,8912509.381337458
FU2 (UCMU21),soxhlet,Grupo 3 - H25,1,5.0,7.07,-1.7266187050359727,2.206235011990408,False,SOXHLET,87,11748975.549395302,6.95,8912509.381337458
FU2 (UCMU21),soxhlet,Grupo 3 - H25,2,5.0,6.78,2.446043165467625,3.818601304434159,False,SOXHLET,88,6025595.860743581,6.95,8912509.381337458
FU2 (UCMU21),soxhlet,Grupo 3 - H25,3,5.0,6.54,5.89928057553957,,False,SOXHLET,89,3467368.504525317,6.95,8912509.381337458
FUSARIUM JULIAN H20,soxhlet,Grupo 2 - H18,1,0.0,6.9,-3.0434782608695645,2.415458937198072,True,SOXHLET,90,7943282.347242822,6.9,7943282.347242822
FUSARIUM JULIAN H20,soxhlet,Grupo 2 - H18,2,0.0,,1.3043478260869672,6.090980956242743,True,SOXHLET,91,,6.9,7943282.347242822
FUSARIUM JULIAN H20,soxhlet,Grupo 2 - H18,3,0.0,,8.985507246376812,,True,SOXHLET,92,,6.9,7943282.347242822
FUSARIUM JULIAN H20,soxhlet,Grupo 2 - H18,1,5.0,7.11,-3.0434782608695645,2.415458937198072,False,SOXHLET,90,12882495.51693135,6.9,7943282.347242822
FUSARIUM JULIAN H20,soxhlet,Grupo 2 - H18,2,5.0,6.81,1.3043478260869672,6.090980956242743,False,SOXHLET,91,6456542.290346549,6.9,7943282.347242822
FUSARIUM JULIAN H20,soxhlet,Grupo 2 - H18,3,5.0,6.28,8.985507246376812,,False,SOXHLET,92,1905460.7179632485,6.9,7943282.347242822
FUSARIUM MARCE 1.2,soxhlet,Grupo 3 - H27,1,0.0,7.78,8.997429305912599,12.724935732647817,True,SOXHLET,93,60255958.60743581,7.78,60255958.60743581
FUSARIUM MARCE 1.2,soxhlet,Grupo 3 - H27,2,0.0,,15.552699228791774,3.3689826277843595,True,SOXHLET,94,,7.78,60255958.60743581
FUSARIUM MARCE 1.2,soxhlet,Grupo 3 - H27,3,0.0,,13.62467866323908,,True,SOXHLET,95,,7.78,60255958.60743581
FUSARIUM MARCE 1.2,soxhlet,Grupo 3 - H27,1,5.0,7.08,8.997429305912599,12.724935732647817,False,SOXHLET,93,12022644.34617413,7.78,60255958.60743581
FUSARIUM MARCE 1.2,soxhlet,Grupo 3 - H27,2,5.0,6.57,15.552699228791774,3.3689826277843595,False,SOXHLET,94,3715352.290971728,7.78,60255958.60743581
FUSARIUM MARCE 1.2,soxhlet,Grupo 3 - H27,3,5.0,6.72,13.62467866323908,,False,SOXHLET,95,5248074.602497723,7.78,60255958.60743581
H11G,soxhlet,Grupo 4 - H33,1,0.0,6.18,-11.974110032362464,-9.81661272923409,True,SOXHLET,57,1513561.2484362072,6.18,1513561.2484362072
H11G,soxhlet,Grupo 4 - H33,2,0.0,,2.588996763754048,11.47993347022264,True,SOXHLET,58,,6.18,1513561.2484362072
H11G,soxhlet,Grupo 4 - H33,3,0.0,,-20.06472491909385,,True,SOXHLET,59,,6.18,1513561.2484362072
H11G,soxhlet,Grupo 4 - H33,1,5.0,6.92,-11.974110032362464,-9.81661272923409,False,SOXHLET,57,8317637.711026709,6.18,1513561.2484362072
H11G,soxhlet,Grupo 4 - H33,2,5.0,6.02,2.588996763754048,11.47993347022264,False,SOXHLET,58,1047128.5480508984,6.18,1513561.2484362072
H11G,soxhlet,Grupo 4 - H33,3,5.0,7.42,-20.06472491909385,,False,SOXHLET,59,26302679.918953814,6.18,1513561.2484362072
H1N,soxhlet,Grupo 2 - H10,1,0.0,7.46,-0.1340482573726513,3.038427167113497,True,SOXHLET,60,28840315.031266056,7.46,28840315.031266056
H1N,soxhlet,Grupo 2 - H10,2,0.0,,8.176943699731908,4.490783345577208,True,SOXHLET,61,,7.46,28840315.031266056
H1N,soxhlet,Grupo 2 - H10,3,0.0,,1.0723860589812342,,True,SOXHLET,62,,7.46,28840315.031266056
H1N,soxhlet,Grupo 2 - H10,1,5.0,7.47,-0.1340482573726513,3.038427167113497,False,SOXHLET,60,29512092.26666384,7.46,28840315.031266056
H1N,soxhlet,Grupo 2 - H10,2,5.0,6.85,8.176943699731908,4.490783345577208,False,SOXHLET,61,7079457.843841373,7.46,28840315.031266056
H1N,soxhlet,Grupo 2 - H10,3,5.0,7.38,1.0723860589812342,,False,SOXHLET,62,23988329.190194897,7.46,28840315.031266056
H2N,soxhlet,Grupo 2 - H11,1,0.0,8.03,6.72478206724781,7.762557077625561,True,SOXHLET,63,107151930.52376048,8.03,107151930.52376048
H2N,soxhlet,Grupo 2 - H11,2,0.0,,12.328767123287664,4.1459079193520525,True,SOXHLET,64,,8.03,107151930.52376048
H2N,soxhlet,Grupo 2 - H11,3,0.0,,4.234122042341208,,True,SOXHLET,65,,8.03,107151930.52376048
H2N,soxhlet,Grupo 2 - H11,1,5.0,7.49,6.72478206724781,7.762557077625561,False,SOXHLET,63,30902954.32513592,8.03,107151930.52376048
H2N,soxhlet,Grupo 2 - H11,2,5.0,7.04,12.328767123287664,4.1459079193520525,False,SOXHLET,64,10964781.961431852,8.03,107151930.52376048
H2N,soxhlet,Grupo 2 - H11,3,5.0,7.69,4.234122042341208,,False,SOXHLET,65,48977881.93684466,8.03,107151930.52376048
H3N,soxhlet,Grupo 2 - H12,1,0.0,7.66,0.7832898172323824,3.0461270670148,True,SOXHLET,66,45708818.96148752,7.66,45708818.96148752
H3N,soxhlet,Grupo 2 - H12,2,0.0,,9.138381201044387,5.3338741326525865,True,SOXHLET,67,,7.66,45708818.96148752
H3N,soxhlet,Grupo 2 - H12,3,0.0,,-0.7832898172323709,,True,SOXHLET,68,,7.66,45708818.96148752
H3N,soxhlet,Grupo 2 - H12,1,5.0,7.6,0.7832898172323824,3.0461270670148,False,SOXHLET,66,39810717.05534969,7.66,45708818.96148752
H3N,soxhlet,Grupo 2 - H12,2,5.0,6.96,9.138381201044387,5.3338741326525865,False,SOXHLET,67,9120108.393559096,7.66,45708818.96148752
H3N,soxhlet,Grupo 2 - H12,3,5.0,7.72,-0.7832898172323709,,False,SOXHLET,68,52480746.02497723,7.66,45708818.96148752
H4B,soxhlet,Grupo 4 - H29,1,0.0,7.97,9.535759096612292,8.531994981179418,True,SOXHLET,45,93325430.07969904,7.97,93325430.07969905
H4B,soxhlet,Grupo 4 - H29,2,0.0,,10.288582183186945,2.4199876439129144,True,SOXHLET,46,,7.97,93325430.07969905
H4B,soxhlet,Grupo 4 - H29,3,0.0,,5.771643663739021,,True,SOXHLET,47,,7.97,93325430.07969905
H4B,soxhlet,Grupo 4 - H29,1,5.0,7.21,9.535759096612292,8.531994981179418,False,SOXHLET,45,16218100.9735893,7.97,93325430.07969905
H4B,soxhlet,Grupo 4 - H29,2,5.0,7.15,10.288582183186945,2.4199876439129144,False,SOXHLET,46,14125375.446227554,7.97,93325430.07969905
H4B,soxhlet,Grupo 4 - H29,3,5.0,7.51,5.771643663739021,,False,SOXHLET,47,32359365.69296281,7.97,93325430.07969905
H4G,soxhlet,Grupo 4 - H31,1,0.0,7.66,7.180156657963445,9.878154917319408,True,SOXHLET,51,45708818.96148752,7.66,45708818.96148752
H4G,soxhlet,Grupo 4 - H31,2,0.0,,11.488250652741511,2.351077921538744,True,SOXHLET,52,,7.66,45708818.96148752
H4G,soxhlet,Grupo 4 - H31,3,0.0,,10.96605744125326,,True,SOXHLET,53,,7.66,45708818.96148752
H4G,soxhlet,Grupo 4 - H31,1,5.0,7.11,7.180156657963445,9.878154917319408,False,SOXHLET,51,12882495.51693135,7.66,45708818.96148752
H4G,soxhlet,Grupo 4 - H31,2,5.0,6.78,11.488250652741511,2.351077921538744,False,SOXHLET,52,6025595.860743581,7.66,45708818.96148752
H4G,soxhlet,Grupo 4 - H31,3,5.0,6.82,10.96605744125326,,False,SOXHLET,53,6606934.480075965,7.66,45708818.96148752
H4N,soxhlet,Grupo 2 - H13,1,0.0,7.04,7.528409090909095,6.060606060606061,True,SOXHLET,69,10964781.961431852,7.04,10964781.961431852
H4N,soxhlet,Grupo 2 - H13,2,0.0,,9.090909090909086,3.973042934810258,True,SOXHLET,70,,7.04,10964781.961431852
H4N,soxhlet,Grupo 2 - H13,3,0.0,,1.5625000000000044,,True,SOXHLET,71,,7.04,10964781.961431852
H4N,soxhlet,Grupo 2 - H13,1,5.0,6.51,7.528409090909095,6.060606060606061,False,SOXHLET,69,3235936.569296281,7.04,10964781.961431852
H4N,soxhlet,Grupo 2 - H13,2,5.0,6.4,9.090909090909086,3.973042934810258,False,SOXHLET,70,2511886.4315095823,7.04,10964781.961431852
H4N,soxhlet,Grupo 2 - H13,3,5.0,6.93,1.5625000000000044,,False,SOXHLET,71,8511380.38202376,7.04,10964781.961431852
H5N,soxhlet,Grupo 2 - H14,1,0.0,7.77,20.84942084942084,21.1068211068211,True,SOXHLET,72,58884365.53555884,7.77,58884365.53555884
H5N,soxhlet,Grupo 2 - H14,2,0.0,,24.066924066924056,2.8401642845191413,True,SOXHLET,73,,7.77,58884365.53555884
H5N,soxhlet,Grupo 2 - H14,3,0.0,,18.404118404118403,,True,SOXHLET,74,,7.77,58884365.53555884
H5N,soxhlet,Grupo 2 - H14,1,5.0,6.15,20.84942084942084,21.1068211068211,False,SOXHLET,72,1412537.5446227554,7.77,58884365.53555884
H5N,soxhlet,Grupo 2 - H14,2,5.0,5.9,24.066924066924056,2.8401642845191413,False,SOXHLET,73,794328.2347242822,7.77,58884365.53555884
H5N,soxhlet,Grupo 2 - H14,3,5.0,6.34,18.404118404118403,,False,SOXHLET,74,2187761.623949552,7.77,58884365.53555884
H6B,soxhlet,Grupo 4 - H30,1,0.0,7.94,20.90680100755668,12.510495382031904,True,SOXHLET,48,87096358.99560814,7.94,87096358.99560814
H6B,soxhlet,Grupo 4 - H30,2,0.0,,6.675062972292195,7.453465341476569,True,SOXHLET,49,,7.94,87096358.99560814
H6B,soxhlet,Grupo 4 - H30,3,0.0,,9.94962216624685,,True,SOXHLET,50,,7.94,87096358.99560814
H6B,soxhlet,Grupo 4 - H30,1,5.0,6.28,20.90680100755668,12.510495382031904,False,SOXHLET,48,1905460.7179632485,7.94,87096358.99560814
H6B,soxhlet,Grupo 4 - H30,2,5.0,7.41,6.675062972292195,7.453465341476569,False,SOXHLET,49,25703957.82768865,7.94,87096358.99560814
H6B,soxhlet,Grupo 4 - H30,3,5.0,7.15,9.94962216624685,,False,SOXHLET,50,14125375.446227554,7.94,87096358.99560814
H6N,soxhlet,Grupo 2 - H15,1,0.0,7.68,3.5156249999999947,8.289930555555552,True,SOXHLET,75,47863009.2322638,7.68,47863009.2322638
H6N,soxhlet,Grupo 2 - H15,2,0.0,,7.552083333333335,5.182771474159023,True,SOXHLET,76,,7.68,47863009.2322638
H6N,soxhlet,Grupo 2 - H15,3,0.0,,13.802083333333329,,True,SOXHLET,77,,7.68,47863009.2322638
H6N,soxhlet,Grupo 2 - H15,1,5.0,7.41,3.5156249999999947,8.289930555555552,False,SOXHLET,75,25703957.82768865,7.68,47863009.2322638
H6N,soxhlet,Grupo 2 - H15,2,5.0,7.1,7.552083333333335,5.182771474159023,False,SOXHLET,76,12589254.117941665,7.68,47863009.2322638
H6N,soxhlet,Grupo 2 - H15,3,5.0,6.62,13.802083333333329,,False,SOXHLET,77,4168693.834703355,7.68,47863009.2322638
H8G,soxhlet,Grupo 4 - H32,1,0.0,6.23,-25.04012841091492,-23.916532905296943,True,SOXHLET,54,1698243.652461746,6.23,1698243.652461746
H8G,soxhlet,Grupo 4 - H32,2,0.0,,-32.584269662921336,9.2806873357777,True,SOXHLET,55,,6.23,1698243.652461746
H8G,soxhlet,Grupo 4 - H32,3,0.0,,-14.12520064205457,,True,SOXHLET,56,,6.23,1698243.652461746
H8G,soxhlet,Grupo 4 - H32,1,5.0,7.79,-25.04012841091492,-23.916532905296943,False,SOXHLET,54,61659500.18614822,6.23,1698243.652461746
H8G,soxhlet,Grupo 4 - H32,2,5.0,8.26,-32.584269662921336,9.2806873357777,False,SOXHLET,55,181970085.86099824,6.23,1698243.652461746
H8G,soxhlet,Grupo 4 - H32,3,5.0,7.11,-14.12520064205457,,False,SOXHLET,56,12882495.51693135,6.23,1698243.652461746
H8N,soxhlet,Grupo 3 - H24,1,0.0,7.67,23.72881355932204,7.996523250760539,True,SOXHLET,78,46773514.12871981,7.67,46773514.128719814
H8N,soxhlet,Grupo 3 - H24,2,0.0,,-2.4771838331160416,13.871845514614163,True,SOXHLET,79,,7.67,46773514.128719814
H8N,soxhlet,Grupo 3 - H24,3,0.0,,2.737940026075619,,True,SOXHLET,80,,7.67,46773514.128719814
H8N,soxhlet,Grupo 3 - H24,1,5.0,5.85,23.72881355932204,7.996523250760539,False,SOXHLET,78,707945.7843841374,7.67,46773514.128719814
H8N,soxhlet,Grupo 3 - H24,2,5.0,7.86,-2.4771838331160416,13.871845514614163,False,SOXHLET,79,72443596.00749905,7.67,46773514.128719814
H8N,soxhlet,Grupo 3 - H24,3,5.0,7.46,2.737940026075619,,False,SOXHLET,80,28840315.031266056,7.67,46773514.128719814
H9N,soxhlet,Grupo 2 - H16,1,0.0,7.57,10.56803170409512,7.926023778071337,True,SOXHLET,81,37153522.90971728,7.57,37153522.90971728
H9N,soxhlet,Grupo 2 - H16,2,0.0,,8.71862615587847,3.114881406222356,True,SOXHLET,82,,7.57,37153522.90971728
H9N,soxhlet,Grupo 2 - H16,3,0.0,,4.491413474240421,,True,SOXHLET,83,,7.57,37153522.90971728
H9N,soxhlet,Grupo 2 - H16,1,5.0,6.77,10.56803170409512,7.926023778071337,False,SOXHLET,81,5888436.553555884,7.57,37153522.90971728
H9N,soxhlet,Grupo 2 - H16,2,5.0,6.91,8.71862615587847,3.114881406222356,False,SOXHLET,82,8128305.161640995,7.57,37153522.90971728
H9N,soxhlet,Grupo 2 - H16,3,5.0,7.23,4.491413474240421,,False,SOXHLET,83,16982436.52461746,7.57,37153522.90971728
HC10,soxhlet,Grupo 1 - H2,1,0.0,7.04,17.89772727272727,13.731060606060604,True,SOXHLET,15,10964781.961431852,7.04,10964781.961431852
HC10,soxhlet,Grupo 1 - H2,2,0.0,,17.89772727272727,7.216878364870321,True,SOXHLET,16,,7.04,10964781.961431852
HC10,soxhlet,Grupo 1 - H2,3,0.0,,5.397727272727271,,True,SOXHLET,17,,7.04,10964781.961431852
HC10,soxhlet,Grupo 1 - H2,1,5.0,5.78,17.89772727272727,13.731060606060604,False,SOXHLET,15,602559.5860743581,7.04,10964781.961431852
HC10,soxhlet,Grupo 1 - H2,2,5.0,5.78,17.89772727272727,7.216878364870321,False,SOXHLET,16,602559.5860743581,7.04,10964781.961431852
HC10,soxhlet,Grupo 1 - H2,3,5.0,6.66,5.397727272727271,,False,SOXHLET,17,4570881.896148752,7.04,10964781.961431852
HC15,soxhlet,Grupo 1 - H3,1,0.0,7.63,-2.6212319790301466,0.0,True,SOXHLET,18,42657951.88015926,7.63,42657951.88015926
HC15,soxhlet,Grupo 1 - H3,2,0.0,,4.718217562254264,4.094495242939272,True,SOXHLET,19,,7.63,42657951.88015926
HC15,soxhlet,Grupo 1 - H3,3,0.0,,-2.096985583224117,,True,SOXHLET,20,,7.63,42657951.88015926
HC15,soxhlet,Grupo 1 - H3,1,5.0,7.83,-2.6212319790301466,0.0,False,SOXHLET,18,67608297.53919819,7.63,42657951.88015926
HC15,soxhlet,Grupo 1 - H3,2,5.0,7.27,4.718217562254264,4.094495242939272,False,SOXHLET,19,18620871.36662865,7.63,42657951.88015926
HC15,soxhlet,Grupo 1 - H3,3,5.0,7.79,-2.096985583224117,,False,SOXHLET,20,61659500.18614822,7.63,42657951.88015926
HC16,soxhlet,Grupo 1 - H4,1,0.0,6.85,7.153284671532837,4.963503649635027,True,SOXHLET,21,7079457.843841373,6.85,7079457.843841373
HC16,soxhlet,Grupo 1 - H4,2,0.0,,9.05109489051094,5.51855713034622,True,SOXHLET,22,,6.85,7079457.843841373
HC16,soxhlet,Grupo 1 - H4,3,0.0,,-1.3138686131386972,,True,SOXHLET,23,,6.85,7079457.843841373
HC16,soxhlet,Grupo 1 - H4,1,5.0,6.36,7.153284671532837,4.963503649635027,False,SOXHLET,21,2290867.652767774,6.85,7079457.843841373
HC16,soxhlet,Grupo 1 - H4,2,5.0,6.23,9.05109489051094,5.51855713034622,False,SOXHLET,22,1698243.652461746,6.85,7079457.843841373
HC16,soxhlet,Grupo 1 - H4,3,5.0,6.94,-1.3138686131386972,,False,SOXHLET,23,8709635.899560815,6.85,7079457.843841373
HC17,soxhlet,Grupo 3 - H21,1,0.0,7.68,0.5208333333333338,-0.911458333333337,True,SOXHLET,24,47863009.2322638,7.68,47863009.2322638
HC17,soxhlet,Grupo 3 - H21,2,0.0,,-1.822916666666674,1.2556836928376285,True,SOXHLET,25,,7.68,47863009.2322638
HC17,soxhlet,Grupo 3 - H21,3,0.0,,-1.432291666666671,,True,SOXHLET,26,,7.68,47863009.2322638
HC17,soxhlet,Grupo 3 - H21,1,5.0,7.64,0.5208333333333338,-0.911458333333337,False,SOXHLET,24,43651583.22401656,7.68,47863009.2322638
HC17,soxhlet,Grupo 3 - H21,2,5.0,7.82,-1.822916666666674,1.2556836928376285,False,SOXHLET,25,66069344.80075964,7.68,47863009.2322638
HC17,soxhlet,Grupo 3 - H21,3,5.0,7.79,-1.432291666666671,,False,SOXHLET,26,61659500.18614822,7.68,47863009.2322638
HC19,soxhlet,Grupo 1 - H5,1,0.0,6.9,-3.7681159420289823,-4.106280193236713,True,SOXHLET,27,7943282.347242822,6.9,7943282.347242822
HC19,soxhlet,Grupo 1 - H5,2,0.0,,-3.7681159420289823,0.585717664395275,True,SOXHLET,28,,6.9,7943282.347242822
HC19,soxhlet,Grupo 1 - H5,3,0.0,,-4.782608695652175,,True,SOXHLET,29,,6.9,7943282.347242822
HC19,soxhlet,Grupo 1 - H5,1,5.0,7.16,-3.7681159420289823,-4.106280193236713,False,SOXHLET,27,14454397.70745928,6.9,7943282.347242822
HC19,soxhlet,Grupo 1 - H5,2,5.0,7.16,-3.7681159420289823,0.585717664395275,False,SOXHLET,28,14454397.70745928,6.9,7943282.347242822
HC19,soxhlet,Grupo 1 - H5,3,5.0,7.23,-4.782608695652175,,False,SOXHLET,29,16982436.52461746,6.9,7943282.347242822
HC20,soxhlet,Grupo 1 - H6,1,0.0,7.68,1.4322916666666594,0.9548611111111064,True,SOXHLET,30,47863009.2322638,7.68,47863009.2322638
HC20,soxhlet,Grupo 1 - H6,2,0.0,,1.3020833333333288,0.7171315816778759,True,SOXHLET,31,,7.68,47863009.2322638
HC20,soxhlet,Grupo 1 - H6,3,0.0,,0.1302083333333305,,True,SOXHLET,32,,7.68,47863009.2322638
HC20,soxhlet,Grupo 1 - H6,1,5.0,7.57,1.4322916666666594,0.9548611111111064,False,SOXHLET,30,37153522.90971728,7.68,47863009.2322638
HC20,soxhlet,Grupo 1 - H6,2,5.0,7.58,1.3020833333333288,0.7171315816778759,False,SOXHLET,31,38018939.632056125,7.68,47863009.2322638
HC20,soxhlet,Grupo 1 - H6,3,5.0,7.67,0.1302083333333305,,False,SOXHLET,32,46773514.12871981,7.68,47863009.2322638
HC23,soxhlet,Grupo 1 - H7,1,0.0,7.23,4.426002766251733,3.365606270170592,True,SOXHLET,33,16982436.52461746,7.23,16982436.52461746
HC23,soxhlet,Grupo 1 - H7,2,0.0,,-0.2766251728907271,3.244700472090901,True,SOXHLET,34,,7.23,16982436.52461746
HC23,soxhlet,Grupo 1 - H7,3,0.0,,5.947441217150768,,True,SOXHLET,35,,7.23,16982436.52461746
HC23,soxhlet,Grupo 1 - H7,1,5.0,6.91,4.426002766251733,3.365606270170592,False,SOXHLET,33,8128305.161640995,7.23,16982436.52461746
HC23,soxhlet,Grupo 1 - H7,2,5.0,7.25,-0.2766251728907271,3.244700472090901,False,SOXHLET,34,17782794.100389227,7.23,16982436.52461746
HC23,soxhlet,Grupo 1 - H7,3,5.0,6.8,5.947441217150768,,False,SOXHLET,35,6309573.44480193,7.23,16982436.52461746
HC26,soxhlet,Grupo 3 - H22,1,0.0,7.54,12.864721485411136,11.759504862953136,True,SOXHLET,36,34673685.045253165,7.54,34673685.045253165
HC26,soxhlet,Grupo 3 - H22,2,0.0,,14.986737400530505,3.899144095724509,True,SOXHLET,37,,7.54,34673685.045253165
HC26,soxhlet,Grupo 3 - H22,3,0.0,,7.427055702917766,,True,SOXHLET,38,,7.54,34673685.045253165
HC26,soxhlet,Grupo 3 - H22,1,5.0,6.57,12.864721485411136,11.759504862953136,False,SOXHLET,36,3715352.290971728,7.54,34673685.045253165
HC26,soxhlet,Grupo 3 - H22,2,5.0,6.41,14.986737400530505,3.899144095724509,False,SOXHLET,37,2570395.7827688647,7.54,34673685.045253165
HC26,soxhlet,Grupo 3 - H22,3,5.0,6.98,7.427055702917766,,False,SOXHLET,38,9549925.86021437,7.54,34673685.045253165
HC27,soxhlet,Grupo 1 - H8,1,0.0,7.87,2.9224904701397767,3.261329944938588,True,SOXHLET,39,74131024.13009177,7.87,74131024.13009177
HC27,soxhlet,Grupo 1 - H8,2,0.0,,3.811944091486656,0.4810595803303874,True,SOXHLET,40,,7.87,74131024.13009177
HC27,soxhlet,Grupo 1 - H8,3,0.0,,3.049555273189329,,True,SOXHLET,41,,7.87,74131024.13009177
HC27,soxhlet,Grupo 1 - H8,1,5.0,7.64,2.9224904701397767,3.261329944938588,False,SOXHLET,39,43651583.22401656,7.87,74131024.13009177
HC27,soxhlet,Grupo 1 - H8,2,5.0,7.57,3.811944091486656,0.4810595803303874,False,SOXHLET,40,37153522.90971728,7.87,74131024.13009177
HC27,soxhlet,Grupo 1 - H8,3,5.0,7.63,3.049555273189329,,False,SOXHLET,41,42657951.88015926,7.87,74131024.13009177
HC28,soxhlet,Grupo 1 - H9,1,0.0,7.54,14.721485411140588,16.003536693191865,True,SOXHLET,42,34673685.045253165,7.54,34673685.045253165
HC28,soxhlet,Grupo 1 - H9,2,0.0,,20.42440318302388,3.939535310117455,True,SOXHLET,43,,7.54,34673685.045253165
HC28,soxhlet,Grupo 1 - H9,3,0.0,,12.864721485411136,,True,SOXHLET,44,,7.54,34673685.045253165
HC28,soxhlet,Grupo 1 - H9,1,5.0,6.43,14.721485411140588,16.003536693191865,False,SOXHLET,42,2691534.803926914,7.54,34673685.045253165
HC28,soxhlet,Grupo 1 - H9,2,5.0,6.0,20.42440318302388,3.939535310117455,False,SOXHLET,43,1000000.0,7.54,34673685.045253165
HC28,soxhlet,Grupo 1 - H9,3,5.0,6.57,12.864721485411136,,False,SOXHLET,44,3715352.290971728,7.54,34673685.045253165
HC3,soxhlet,Grupo 3 - H19,1,0.0,7.7,-3.896103896103894,-3.419913419913416,True,SOXHLET,3,50118723.36272725,7.7,50118723.36272725
HC3,soxhlet,Grupo 3 - H19,2,0.0,,-1.298701298701294,1.927744076035701,True,SOXHLET,4,,7.7,50118723.36272725
HC3,soxhlet,Grupo 3 - H19,3,0.0,,-5.064935064935061,,True,SOXHLET,5,,7.7,50118723.36272725
HC3,soxhlet,Grupo 3 - H19,1,5.0,8.0,-3.896103896103894,-3.419913419913416,False,SOXHLET,3,100000000.0,7.7,50118723.36272725
HC3,soxhlet,Grupo 3 - H19,2,5.0,7.8,-1.298701298701294,1.927744076035701,False,SOXHLET,4,63095734.448019296,7.7,50118723.36272725
HC3,soxhlet,Grupo 3 - H19,3,5.0,8.09,-5.064935064935061,,False,SOXHLET,5,123026877.0812381,7.7,50118723.36272725
HC5,soxhlet,Grupo 1 - H1,1,0.0,6.6,3.939393939393936,2.828282828282822,True,SOXHLET,6,3981071.7055349695,6.6,3981071.7055349695
HC5,soxhlet,Grupo 1 - H1,2,0.0,,4.84848484848484,2.749627795720444,True,SOXHLET,7,,6.6,3981071.7055349695
HC5,soxhlet,Grupo 1 - H1,3,0.0,,-0.30303030303031,,True,SOXHLET,8,,6.6,3981071.7055349695
HC5,soxhlet,Grupo 1 - H1,1,5.0,6.34,3.939393939393936,2.828282828282822,False,SOXHLET,6,2187761.623949552,6.6,3981071.7055349695
HC5,soxhlet,Grupo 1 - H1,2,5.0,6.28,4.84848484848484,2.749627795720444,False,SOXHLET,7,1905460.7179632485,6.6,3981071.7055349695
HC5,soxhlet,Grupo 1 - H1,3,5.0,6.62,-0.30303030303031,,False,SOXHLET,8,4168693.834703355,6.6,3981071.7055349695
HC6,soxhlet,Grupo 4 - H28,1,0.0,7.43,1.2113055181695809,2.467474203678775,True,SOXHLET,9,26915348.03926913,7.43,26915348.039269138
HC6,soxhlet,Grupo 4 - H28,2,0.0,,-0.1345895020188516,3.408419903673861,True,SOXHLET,10,,7.43,26915348.039269138
HC6,soxhlet,Grupo 4 - H28,3,0.0,,6.325706594885595,,True,SOXHLET,11,,7.43,26915348.039269138
HC6,soxhlet,Grupo 4 - H28,1,5.0,7.34,1.2113055181695809,2.467474203678775,False,SOXHLET,9,21877616.23949552,7.43,26915348.039269138
HC6,soxhlet,Grupo 4 - H28,2,5.0,7.44,-0.1345895020188516,3.408419903673861,False,SOXHLET,10,27542287.03338169,7.43,26915348.039269138
HC6,soxhlet,Grupo 4 - H28,3,5.0,6.96,6.325706594885595,,False,SOXHLET,11,9120108.393559096,7.43,26915348.039269138
HC9,soxhlet,Grupo 3 - H20,1,0.0,7.23,2.9045643153527085,0.3688335638543192,True,SOXHLET,12,16982436.52461746,7.23,16982436.52461746
HC9,soxhlet,Grupo 3 - H20,2,0.0,,-0.1383125864453635,2.3240356221537235,True,SOXHLET,13,,7.23,16982436.52461746
HC9,soxhlet,Grupo 3 - H20,3,0.0,,-1.6597510373443871,,True,SOXHLET,14,,7.23,16982436.52461746
HC9,soxhlet,Grupo 3 - H20,1,5.0,7.02,2.9045643153527085,0.3688335638543192,False,SOXHLET,12,10471285.480508983,7.23,16982436.52461746
HC9,soxhlet,Grupo 3 - H20,2,5.0,7.24,-0.1383125864453635,2.3240356221537235,False,SOXHLET,13,17378008.28749376,7.23,16982436.52461746
HC9,soxhlet,Grupo 3 - H20,3,5.0,7.35,-1.6597510373443871,,False,SOXHLET,14,22387211.385683376,7.23,16982436.52461746
FU1,ultrasonido,Grupo 2 - H17,1,0.0,7.74,4.651162790697678,3.919035314384156,True,ULTRASONIDO,84,54954087.38576248,7.74,54954087.38576248
FU1,ultrasonido,Grupo 2 - H17,2,0.0,,2.9715762273901865,0.8602491109146496,True,ULTRASONIDO,85,,7.74,54954087.38576248
FU1,ultrasonido,Grupo 2 - H17,3,0.0,,4.134366925064603,,True,ULTRASONIDO,86,,7.74,54954087.38576248
FU1,ultrasonido,Grupo 2 - H17,1,5.0,7.38,4.651162790697678,3.919035314384156,False,ULTRASONIDO,84,23988329.190194897,7.74,54954087.38576248
FU1,ultrasonido,Grupo 2 - H17,2,5.0,7.51,2.9715762273901865,0.8602491109146496,False,ULTRASONIDO,85,32359365.69296281,7.74,54954087.38576248
FU1,ultrasonido,Grupo 2 - H17,3,5.0,7.42,4.134366925064603,,False,ULTRASONIDO,86,26302679.918953814,7.74,54954087.38576248
FU2 (UCMU21),ultrasonido,Grupo 3 - H25,1,0.0,6.95,4.316546762589925,-2.494004796163068,True,ULTRASONIDO,87,8912509.381337458,6.95,8912509.381337458
FU2 (UCMU21),ultrasonido,Grupo 3 - H25,2,0.0,,-6.618705035971223,5.941824715951489,True,ULTRASONIDO,88,,6.95,8912509.381337458
FU2 (UCMU21),ultrasonido,Grupo 3 - H25,3,0.0,,-5.1798561151079054,,True,ULTRASONIDO,89,,6.95,8912509.381337458
FU2 (UCMU21),ultrasonido,Grupo 3 - H25,1,5.0,6.65,4.316546762589925,-2.494004796163068,False,ULTRASONIDO,87,4466835.921509635,6.95,8912509.381337458
FU2 (UCMU21),ultrasonido,Grupo 3 - H25,2,5.0,7.41,-6.618705035971223,5.941824715951489,False,ULTRASONIDO,88,25703957.82768865,6.95,8912509.381337458
FU2 (UCMU21),ultrasonido,Grupo 3 - H25,3,5.0,7.31,-5.1798561151079054,,False,ULTRASONIDO,89,20417379.44669528,6.95,8912509.381337458
FUSARIUM JULIAN H20,ultrasonido,Grupo 2 - H18,1,0.0,6.9,-0.5797101449275367,7.342995169082129,True,ULTRASONIDO,90,7943282.347242822,6.9,7943282.347242822
FUSARIUM JULIAN H20,ultrasonido,Grupo 2 - H18,2,0.0,,20.57971014492753,11.53729997725834,True,ULTRASONIDO,91,,6.9,7943282.347242822
FUSARIUM JULIAN H20,ultrasonido,Grupo 2 - H18,3,0.0,,2.028985507246385,,True,ULTRASONIDO,92,,6.9,7943282.347242822
FUSARIUM JULIAN H20,ultrasonido,Grupo 2 - H18,1,5.0,6.94,-0.5797101449275367,7.342995169082129,False,ULTRASONIDO,90,8709635.899560815,6.9,7943282.347242822
FUSARIUM JULIAN H20,ultrasonido,Grupo 2 - H18,2,5.0,5.48,20.57971014492753,11.53729997725834,False,ULTRASONIDO,91,301995.1720402019,6.9,7943282.347242822
FUSARIUM JULIAN H20,ultrasonido,Grupo 2 - H18,3,5.0,6.76,2.028985507246385,,False,ULTRASONIDO,92,5754399.373371567,6.9,7943282.347242822
FUSARIUM MARCE 1.2,ultrasonido,Grupo 3 - H27,1,0.0,7.78,7.455012853470437,9.6401028277635,True,ULTRASONIDO,93,60255958.60743581,7.78,60255958.60743581
FUSARIUM MARCE 1.2,ultrasonido,Grupo 3 - H27,2,0.0,,12.59640102827764,2.656038344443683,True,ULTRASONIDO,94,,7.78,60255958.60743581
FUSARIUM MARCE 1.2,ultrasonido,Grupo 3 - H27,3,0.0,,8.868894601542422,,True,ULTRASONIDO,95,,7.78,60255958.60743581
FUSARIUM MARCE 1.2,ultrasonido,Grupo 3 - H27,1,5.0,7.2,7.455012853470437,9.6401028277635,False,ULTRASONIDO,93,15848931.924611142,7.78,60255958.60743581
FUSARIUM MARCE 1.2,ultrasonido,Grupo 3 - H27,2,5.0,6.8,12.59640102827764,2.656038344443683,False,ULTRASONIDO,94,6309573.44480193,7.78,60255958.60743581
FUSARIUM MARCE 1.2,ultrasonido,Grupo 3 - H27,3,5.0,7.09,8.868894601542422,,False,ULTRASONIDO,95,12302687.70812381,7.78,60255958.60743581
H11G,ultrasonido,Grupo 4 - H33,1,0.0,6.18,-5.33980582524272,-9.492988133764836,True,ULTRASONIDO,57,1513561.2484362072,6.18,1513561.2484362072
H11G,ultrasonido,Grupo 4 - H33,2,0.0,,-8.737864077669903,4.57769630910869,True,ULTRASONIDO,58,,6.18,1513561.2484362072
H11G,ultrasonido,Grupo 4 - H33,3,0.0,,-14.401294498381889,,True,ULTRASONIDO,59,,6.18,1513561.2484362072
H11G,ultrasonido,Grupo 4 - H33,1,5.0,6.51,-5.33980582524272,-9.492988133764836,False,ULTRASONIDO,57,3235936.569296281,6.18,1513561.2484362072
H11G,ultrasonido,Grupo 4 - H33,2,5.0,6.72,-8.737864077669903,4.57769630910869,False,ULTRASONIDO,58,5248074.602497723,6.18,1513561.2484362072
H11G,ultrasonido,Grupo 4 - H33,3,5.0,7.07,-14.401294498381889,,False,ULTRASONIDO,59,11748975.549395302,6.18,1513561.2484362072
H1N,ultrasonido,Grupo 2 - H10,1,0.0,7.46,-0.8042895442359197,1.6979445933869524,True,ULTRASONIDO,60,28840315.031266056,7.46,28840315.031266056
H1N,ultrasonido,Grupo 2 - H10,2,0.0,,2.412868632707771,2.232349597282711,True,ULTRASONIDO,61,,7.46,28840315.031266056
H1N,ultrasonido,Grupo 2 - H10,3,0.0,,3.485254691689005,,True,ULTRASONIDO,62,,7.46,28840315.031266056
H1N,ultrasonido,Grupo 2 - H10,1,5.0,7.52,-0.8042895442359197,1.6979445933869524,False,ULTRASONIDO,60,33113112.14825908,7.46,28840315.031266056
H1N,ultrasonido,Grupo 2 - H10,2,5.0,7.28,2.412868632707771,2.232349597282711,False,ULTRASONIDO,61,19054607.17963248,7.46,28840315.031266056
H1N,ultrasonido,Grupo 2 - H10,3,5.0,7.2,3.485254691689005,,False,ULTRASONIDO,62,15848931.924611142,7.46,28840315.031266056
H2N,ultrasonido,Grupo 2 - H11,1,0.0,8.03,0.6226650062266368,0.3320880033208656,True,ULTRASONIDO,63,107151930.52376048,8.03,107151930.52376048
H2N,ultrasonido,Grupo 2 - H11,2,0.0,,-1.245330012453318,1.454070559413618,True,ULTRASONIDO,64,,8.03,107151930.52376048
H2N,ultrasonido,Grupo 2 - H11,3,0.0,,1.618929016189278,,True,ULTRASONIDO,65,,8.03,107151930.52376048
H2N,ultrasonido,Grupo 2 - H11,1,5.0,7.98,0.6226650062266368,0.3320880033208656,False,ULTRASONIDO,63,95499258.60214368,8.03,107151930.52376048
H2N,ultrasonido,Grupo 2 - H11,2,5.0,8.13,-1.245330012453318,1.454070559413618,False,ULTRASONIDO,64,134896288.2591656,8.03,107151930.52376048
H2N,ultrasonido,Grupo 2 - H11,3,5.0,7.9,1.618929016189278,,False,ULTRASONIDO,65,79432823.47242822,8.03,107151930.52376048
H3N,ultrasonido,Grupo 2 - H12,1,0.0,7.66,2.872062663185375,0.696257615317668,True,ULTRASONIDO,66,45708818.96148752,7.66,45708818.96148752
H3N,ultrasonido,Grupo 2 - H12,2,0.0,,3.0026109660574467,3.882211824141157,True,ULTRASONIDO,67,,7.66,45708818.96148752
H3N,ultrasonido,Grupo 2 - H12,3,0.0,,-3.7859007832898177,,True,ULTRASONIDO,68,,7.66,45708818.96148752
H3N,ultrasonido,Grupo 2 - H12,1,5.0,7.44,2.872062663185375,0.696257615317668,False,ULTRASONIDO,66,27542287.03338169,7.66,45708818.96148752
H3N,ultrasonido,Grupo 2 - H12,2,5.0,7.43,3.0026109660574467,3.882211824141157,False,ULTRASONIDO,67,26915348.03926913,7.66,45708818.96148752
H3N,ultrasonido,Grupo 2 - H12,3,5.0,7.95,-3.7859007832898177,,False,ULTRASONIDO,68,89125093.8133746,7.66,45708818.96148752
H4B,ultrasonido,Grupo 4 - H29,1,0.0,7.97,0.2509410288582129,1.1292346298619769,True,ULTRASONIDO,45,93325430.07969904,7.97,93325430.07969905
H4B,ultrasonido,Grupo 4 - H29,2,0.0,,2.885821831869505,1.5212491409011466,True,ULTRASONIDO,46,,7.97,93325430.07969905
H4B,ultrasonido,Grupo 4 - H29,3,0.0,,0.2509410288582129,,True,ULTRASONIDO,47,,7.97,93325430.07969905
H4B,ultrasonido,Grupo 4 - H29,1,5.0,7.95,0.2509410288582129,1.1292346298619769,False,ULTRASONIDO,45,89125093.8133746,7.97,93325430.07969905
H4B,ultrasonido,Grupo 4 - H29,2,5.0,7.74,2.885821831869505,1.5212491409011466,False,ULTRASONIDO,46,54954087.38576248,7.97,93325430.07969905
H4B,ultrasonido,Grupo 4 - H29,3,5.0,7.95,0.2509410288582129,,False,ULTRASONIDO,47,89125093.8133746,7.97,93325430.07969905
H4G,ultrasonido,Grupo 4 - H31,1,0.0,7.66,-1.0443864229765023,0.9573542210617956,True,ULTRASONIDO,51,45708818.96148752,7.66,45708818.96148752
H4G,ultrasonido,Grupo 4 - H31,2,0.0,,6.396866840731073,4.765162080242912,True,ULTRASONIDO,52,,7.66,45708818.96148752
H4G,ultrasonido,Grupo 4 - H31,3,0.0,,-2.480417754569184,,True,ULTRASONIDO,53,,7.66,45708818.96148752
H4G,ultrasonido,Grupo 4 - H31,1,5.0,7.74,-1.0443864229765023,0.9573542210617956,False,ULTRASONIDO,51,54954087.38576248,7.66,45708818.96148752
H4G,ultrasonido,Grupo 4 - H31,2,5.0,7.17,6.396866840731073,4.765162080242912,False,ULTRASONIDO,52,14791083.881682072,7.66,45708818.96148752
H4G,ultrasonido,Grupo 4 - H31,3,5.0,7.85,-2.480417754569184,,False,ULTRASONIDO,53,70794578.43841374,7.66,45708818.96148752
H4N,ultrasonido,Grupo 2 - H13,1,0.0,7.04,3.267045454545461,1.4204545454545487,True,ULTRASONIDO,69,10964781.961431852,7.04,10964781.961431852
H4N,ultrasonido,Grupo 2 - H13,2,0.0,,2.982954545454545,2.9557744384495463,True,ULTRASONIDO,70,,7.04,10964781.961431852
H4N,ultrasonido,Grupo 2 - H13,3,0.0,,-1.988636363636359,,True,ULTRASONIDO,71,,7.04,10964781.961431852
H4N,ultrasonido,Grupo 2 - H13,1,5.0,6.81,3.267045454545461,1.4204545454545487,False,ULTRASONIDO,69,6456542.290346549,7.04,10964781.961431852
H4N,ultrasonido,Grupo 2 - H13,2,5.0,6.83,2.982954545454545,2.9557744384495463,False,ULTRASONIDO,70,6760829.753919818,7.04,10964781.961431852
H4N,ultrasonido,Grupo 2 - H13,3,5.0,7.18,-1.988636363636359,,False,ULTRASONIDO,71,15135612.484362071,7.04,10964781.961431852
H5N,ultrasonido,Grupo 2 - H14,1,0.0,7.77,8.494208494208486,11.02531102531102,True,ULTRASONIDO,72,58884365.53555884,7.77,58884365.53555884
H5N,ultrasonido,Grupo 2 - H14,2,0.0,,12.355212355212355,2.192943443866516,True,ULTRASONIDO,73,,7.77,58884365.53555884
H5N,ultrasonido,Grupo 2 - H14,3,0.0,,12.226512226512218,,True,ULTRASONIDO,74,,7.77,58884365.53555884
H5N,ultrasonido,Grupo 2 - H14,1,5.0,7.11,8.494208494208486,11.02531102531102,False,ULTRASONIDO,72,12882495.51693135,7.77,58884365.53555884
H5N,ultrasonido,Grupo 2 - H14,2,5.0,6.81,12.355212355212355,2.192943443866516,False,ULTRASONIDO,73,6456542.290346549,7.77,58884365.53555884
H5N,ultrasonido,Grupo 2 - H14,3,5.0,6.82,12.226512226512218,,False,ULTRASONIDO,74,6606934.480075965,7.77,58884365.53555884
H6B,ultrasonido,Grupo 4 - H30,1,0.0,7.94,12.720403022670034,7.640638119227549,True,ULTRASONIDO,48,87096358.99560814,7.94,87096358.99560814
H6B,ultrasonido,Grupo 4 - H30,2,0.0,,10.075566750629733,6.640915141639155,True,ULTRASONIDO,49,,7.94,87096358.99560814
H6B,ultrasonido,Grupo 4 - H30,3,0.0,,0.12594458438288,,True,ULTRASONIDO,50,,7.94,87096358.99560814
H6B,ultrasonido,Grupo 4 - H30,1,5.0,6.93,12.720403022670034,7.640638119227549,False,ULTRASONIDO,48,8511380.38202376,7.94,87096358.99560814
H6B,ultrasonido,Grupo 4 - H30,2,5.0,7.14,10.075566750629733,6.640915141639155,False,ULTRASONIDO,49,13803842.64602884,7.94,87096358.99560814
H6B,ultrasonido,Grupo 4 - H30,3,5.0,7.93,0.12594458438288,,False,ULTRASONIDO,50,85113803.82023759,7.94,87096358.99560814
H6N,ultrasonido,Grupo 2 - H15,1,0.0,7.68,6.380208333333324,9.33159722222222,True,ULTRASONIDO,75,47863009.2322638,7.68,47863009.2322638
H6N,ultrasonido,Grupo 2 - H15,2,0.0,,19.53125,9.090680463080236,True,ULTRASONIDO,76,,7.68,47863009.2322638
H6N,ultrasonido,Grupo 2 - H15,3,0.0,,2.083333333333336,,True,ULTRASONIDO,77,,7.68,47863009.2322638
H6N,ultrasonido,Grupo 2 - H15,1,5.0,7.19,6.380208333333324,9.33159722222222,False,ULTRASONIDO,75,15488166.189124828,7.68,47863009.2322638
H6N,ultrasonido,Grupo 2 - H15,2,5.0,6.18,19.53125,9.090680463080236,False,ULTRASONIDO,76,1513561.2484362072,7.68,47863009.2322638
H6N,ultrasonido,Grupo 2 - H15,3,5.0,7.52,2.083333333333336,,False,ULTRASONIDO,77,33113112.14825908,7.68,47863009.2322638
H8G,ultrasonido,Grupo 4 - H32,1,0.0,6.23,-9.951845906902074,-15.409309791332255,True,ULTRASONIDO,54,1698243.652461746,6.23,1698243.652461746
H8G,ultrasonido,Grupo 4 - H32,2,0.0,,-18.780096308186195,4.769713630209841,True,ULTRASONIDO,55,,6.23,1698243.652461746
H8G,ultrasonido,Grupo 4 - H32,3,0.0,,-17.495987158908505,,True,ULTRASONIDO,56,,6.23,1698243.652461746
H8G,ultrasonido,Grupo 4 - H32,1,5.0,6.85,-9.951845906902074,-15.409309791332255,False,ULTRASONIDO,54,7079457.843841373,6.23,1698243.652461746
H8G,ultrasonido,Grupo 4 - H32,2,5.0,7.4,-18.780096308186195,4.769713630209841,False,ULTRASONIDO,55,25118864.315095823,6.23,1698243.652461746
H8G,ultrasonido,Grupo 4 - H32,3,5.0,7.32,-17.495987158908505,,False,ULTRASONIDO,56,20892961.308540408,6.23,1698243.652461746
H8N,ultrasonido,Grupo 3 - H24,1,0.0,7.67,5.736636245110815,7.431551499348109,True,ULTRASONIDO,78,46773514.12871981,7.67,46773514.128719814
H8N,ultrasonido,Grupo 3 - H24,2,0.0,,10.169491525423732,2.393423696308457,True,ULTRASONIDO,79,,7.67,46773514.128719814
H8N,ultrasonido,Grupo 3 - H24,3,0.0,,6.388526727509781,,True,ULTRASONIDO,80,,7.67,46773514.128719814
H8N,ultrasonido,Grupo 3 - H24,1,5.0,7.23,5.736636245110815,7.431551499348109,False,ULTRASONIDO,78,16982436.52461746,7.67,46773514.128719814
H8N,ultrasonido,Grupo 3 - H24,2,5.0,6.89,10.169491525423732,2.393423696308457,False,ULTRASONIDO,79,7762471.166286912,7.67,46773514.128719814
H8N,ultrasonido,Grupo 3 - H24,3,5.0,7.18,6.388526727509781,,False,ULTRASONIDO,80,15135612.484362071,7.67,46773514.128719814
H9N,ultrasonido,Grupo 2 - H16,1,0.0,7.57,1.585204755614268,4.359313077939235,True,ULTRASONIDO,81,37153522.90971728,7.57,37153522.90971728
H9N,ultrasonido,Grupo 2 - H16,2,0.0,,4.359313077939235,2.7741083223249667,True,ULTRASONIDO,82,,7.57,37153522.90971728
H9N,ultrasonido,Grupo 2 - H16,3,0.0,,7.133421400264201,,True,ULTRASONIDO,83,,7.57,37153522.90971728
H9N,ultrasonido,Grupo 2 - H16,1,5.0,7.45,1.585204755614268,4.359313077939235,False,ULTRASONIDO,81,28183829.31264455,7.57,37153522.90971728
H9N,ultrasonido,Grupo 2 - H16,2,5.0,7.24,4.359313077939235,2.7741083223249667,False,ULTRASONIDO,82,17378008.28749376,7.57,37153522.90971728
H9N,ultrasonido,Grupo 2 - H16,3,5.0,7.03,7.133421400264201,,False,ULTRASONIDO,83,10715193.052376073,7.57,37153522.90971728
HC10,ultrasonido,Grupo 1 - H2,1,0.0,7.04,-3.267045454545448,-6.628787878787875,True,ULTRASONIDO,15,10964781.961431852,7.04,10964781.961431852
HC10,ultrasonido,Grupo 1 - H2,2,0.0,,-6.392045454545457,3.4861477526893903,True,ULTRASONIDO,16,,7.04,10964781.961431852
HC10,ultrasonido,Grupo 1 - H2,3,0.0,,-10.227272727272725,,True,ULTRASONIDO,17,,7.04,10964781.961431852
HC10,ultrasonido,Grupo 1 - H2,1,5.0,7.27,-3.267045454545448,-6.628787878787875,False,ULTRASONIDO,15,18620871.36662865,7.04,10964781.961431852
HC10,ultrasonido,Grupo 1 - H2,2,5.0,7.49,-6.392045454545457,3.4861477526893903,False,ULTRASONIDO,16,30902954.32513592,7.04,10964781.961431852
HC10,ultrasonido,Grupo 1 - H2,3,5.0,7.76,-10.227272727272725,,False,ULTRASONIDO,17,57543993.73371567,7.04,10964781.961431852
HC15,ultrasonido,Grupo 1 - H3,1,0.0,7.63,-5.897771952817826,-5.0240279598077775,True,ULTRASONIDO,18,42657951.88015926,7.63,42657951.88015926
HC15,ultrasonido,Grupo 1 - H3,2,0.0,,-4.193971166448234,0.8527401177782074,True,ULTRASONIDO,19,,7.63,42657951.88015926
HC15,ultrasonido,Grupo 1 - H3,3,0.0,,-4.980340760157272,,True,ULTRASONIDO,20,,7.63,42657951.88015926
HC15,ultrasonido,Grupo 1 - H3,1,5.0,8.08,-5.897771952817826,-5.0240279598077775,False,ULTRASONIDO,18,120226443.46174131,7.63,42657951.88015926
HC15,ultrasonido,Grupo 1 - H3,2,5.0,7.95,-4.193971166448234,0.8527401177782074,False,ULTRASONIDO,19,89125093.8133746,7.63,42657951.88015926
HC15,ultrasonido,Grupo 1 - H3,3,5.0,8.01,-4.980340760157272,,False,ULTRASONIDO,20,102329299.22807536,7.63,42657951.88015926
HC16,ultrasonido,Grupo 1 - H4,1,0.0,6.85,-18.248175182481752,-20.875912408759127,True,ULTRASONIDO,21,7079457.843841373,6.85,7079457.843841373
HC16,ultrasonido,Grupo 1 - H4,2,0.0,,-18.102189781021902,4.6783709077261575,True,ULTRASONIDO,22,,6.85,7079457.843841373
HC16,ultrasonido,Grupo 1 - H4,3,0.0,,-26.27737226277373,,True,ULTRASONIDO,23,,6.85,7079457.843841373
HC16,ultrasonido,Grupo 1 - H4,1,5.0,8.1,-18.248175182481752,-20.875912408759127,False,ULTRASONIDO,21,125892541.1794166,6.85,7079457.843841373
HC16,ultrasonido,Grupo 1 - H4,2,5.0,8.09,-18.102189781021902,4.6783709077261575,False,ULTRASONIDO,22,123026877.0812381,6.85,7079457.843841373
HC16,ultrasonido,Grupo 1 - H4,3,5.0,8.65,-26.27737226277373,,False,ULTRASONIDO,23,446683592.1509635,6.85,7079457.843841373
HC17,ultrasonido,Grupo 3 - H21,1,0.0,7.68,2.083333333333336,3.3420138888888875,True,ULTRASONIDO,24,47863009.2322638,7.68,47863009.2322638
HC17,ultrasonido,Grupo 3 - H21,2,0.0,,2.8645833333333304,1.5534314382094836,True,ULTRASONIDO,25,,7.68,47863009.2322638
HC17,ultrasonido,Grupo 3 - H21,3,0.0,,5.0781249999999964,,True,ULTRASONIDO,26,,7.68,47863009.2322638
HC17,ultrasonido,Grupo 3 - H21,1,5.0,7.52,2.083333333333336,3.3420138888888875,False,ULTRASONIDO,24,33113112.14825908,7.68,47863009.2322638
HC17,ultrasonido,Grupo 3 - H21,2,5.0,7.46,2.8645833333333304,1.5534314382094836,False,ULTRASONIDO,25,28840315.031266056,7.68,47863009.2322638
HC17,ultrasonido,Grupo 3 - H21,3,5.0,7.29,5.0781249999999964,,False,ULTRASONIDO,26,19498445.997580454,7.68,47863009.2322638
HC19,ultrasonido,Grupo 1 - H5,1,0.0,6.9,-7.97101449275362,-9.275362318840576,True,ULTRASONIDO,27,7943282.347242822,6.9,7943282.347242822
HC19,ultrasonido,Grupo 1 - H5,2,0.0,,-6.086956521739129,4.0032542947632175,True,ULTRASONIDO,28,,6.9,7943282.347242822
HC19,ultrasonido,Grupo 1 - H5,3,0.0,,-13.768115942028974,,True,ULTRASONIDO,29,,6.9,7943282.347242822
HC19,ultrasonido,Grupo 1 - H5,1,5.0,7.45,-7.97101449275362,-9.275362318840576,False,ULTRASONIDO,27,28183829.31264455,6.9,7943282.347242822
HC19,ultrasonido,Grupo 1 - H5,2,5.0,7.32,-6.086956521739129,4.0032542947632175,False,ULTRASONIDO,28,20892961.308540408,6.9,7943282.347242822
HC19,ultrasonido,Grupo 1 - H5,3,5.0,7.85,-13.768115942028974,,False,ULTRASONIDO,29,70794578.43841374,6.9,7943282.347242822
HC20,ultrasonido,Grupo 1 - H6,1,0.0,7.68,0.6510416666666644,1.3454861111111096,True,ULTRASONIDO,30,47863009.2322638,7.68,47863009.2322638
HC20,ultrasonido,Grupo 1 - H6,2,0.0,,2.8645833333333304,1.317186710546311,True,ULTRASONIDO,31,,7.68,47863009.2322638
HC20,ultrasonido,Grupo 1 - H6,3,0.0,,0.5208333333333338,,True,ULTRASONIDO,32,,7.68,47863009.2322638
HC20,ultrasonido,Grupo 1 - H6,1,5.0,7.63,0.6510416666666644,1.3454861111111096,False,ULTRASONIDO,30,42657951.88015926,7.68,47863009.2322638
HC20,ultrasonido,Grupo 1 - H6,2,5.0,7.46,2.8645833333333304,1.317186710546311,False,ULTRASONIDO,31,28840315.031266056,7.68,47863009.2322638
HC20,ultrasonido,Grupo 1 - H6,3,5.0,7.64,0.5208333333333338,,False,ULTRASONIDO,32,43651583.22401656,7.68,47863009.2322638
HC23,ultrasonido,Grupo 1 - H7,1,0.0,7.23,4.564315352697096,1.1526048870447252,True,ULTRASONIDO,33,16982436.52461746,7.23,16982436.52461746
HC23,ultrasonido,Grupo 1 - H7,2,0.0,,1.9363762102351392,3.863685625734127,True,ULTRASONIDO,34,,7.23,16982436.52461746
HC23,ultrasonido,Grupo 1 - H7,3,0.0,,-3.04287690179806,,True,ULTRASONIDO,35,,7.23,16982436.52461746
HC23,ultrasonido,Grupo 1 - H7,1,5.0,6.9,4.564315352697096,1.1526048870447252,False,ULTRASONIDO,33,7943282.347242822,7.23,16982436.52461746
HC23,ultrasonido,Grupo 1 - H7,2,5.0,7.09,1.9363762102351392,3.863685625734127,False,ULTRASONIDO,34,12302687.70812381,7.23,16982436.52461746
HC23,ultrasonido,Grupo 1 - H7,3,5.0,7.45,-3.04287690179806,,False,ULTRASONIDO,35,28183829.31264455,7.23,16982436.52461746
HC26,ultrasonido,Grupo 3 - H22,1,0.0,7.54,1.4588859416445663,0.3094606542882417,True,ULTRASONIDO,36,34673685.045253165,7.54,34673685.045253165
HC26,ultrasonido,Grupo 3 - H22,2,0.0,,0.1326259946949574,1.0720031523414817,True,ULTRASONIDO,37,,7.54,34673685.045253165
HC26,ultrasonido,Grupo 3 - H22,3,0.0,,-0.6631299734747987,,True,ULTRASONIDO,38,,7.54,34673685.045253165
HC26,ultrasonido,Grupo 3 - H22,1,5.0,7.43,1.4588859416445663,0.3094606542882417,False,ULTRASONIDO,36,26915348.03926913,7.54,34673685.045253165
HC26,ultrasonido,Grupo 3 - H22,2,5.0,7.53,0.1326259946949574,1.0720031523414817,False,ULTRASONIDO,37,33884415.61392027,7.54,34673685.045253165
HC26,ultrasonido,Grupo 3 - H22,3,5.0,7.59,-0.6631299734747987,,False,ULTRASONIDO,38,38904514.49942805,7.54,34673685.045253165
HC27,ultrasonido,Grupo 1 - H8,1,0.0,7.87,-0.6353240152477742,2.244811520542141,True,ULTRASONIDO,39,74131024.13009177,7.87,74131024.13009177
HC27,ultrasonido,Grupo 1 - H8,2,0.0,,10.67344345616264,7.420337907050278,True,ULTRASONIDO,40,,7.87,74131024.13009177
HC27,ultrasonido,Grupo 1 - H8,3,0.0,,-3.3036848792884457,,True,ULTRASONIDO,41,,7.87,74131024.13009177
HC27,ultrasonido,Grupo 1 - H8,1,5.0,7.92,-0.6353240152477742,2.244811520542141,False,ULTRASONIDO,39,83176377.11026709,7.87,74131024.13009177
HC27,ultrasonido,Grupo 1 - H8,2,5.0,7.03,10.67344345616264,7.420337907050278,False,ULTRASONIDO,40,10715193.052376073,7.87,74131024.13009177
HC27,ultrasonido,Grupo 1 - H8,3,5.0,8.13,-3.3036848792884457,,False,ULTRASONIDO,41,134896288.2591656,7.87,74131024.13009177
HC28,ultrasonido,Grupo 1 - H9,1,0.0,7.54,-7.692307692307681,-5.923961096374885,True,ULTRASONIDO,42,34673685.045253165,7.54,34673685.045253165
HC28,ultrasonido,Grupo 1 - H9,2,0.0,,-6.10079575596817,1.8630687449783725,True,ULTRASONIDO,43,,7.54,34673685.045253165
HC28,ultrasonido,Grupo 1 - H9,3,0.0,,-3.978779840848804,,True,ULTRASONIDO,44,,7.54,34673685.045253165
HC28,ultrasonido,Grupo 1 - H9,1,5.0,8.12,-7.692307692307681,-5.923961096374885,False,ULTRASONIDO,42,131825673.85564049,7.54,34673685.045253165
HC28,ultrasonido,Grupo 1 - H9,2,5.0,8.0,-6.10079575596817,1.8630687449783725,False,ULTRASONIDO,43,100000000.0,7.54,34673685.045253165
HC28,ultrasonido,Grupo 1 - H9,3,5.0,7.84,-3.978779840848804,,False,ULTRASONIDO,44,69183097.09189363,7.54,34673685.045253165
HC3,ultrasonido,Grupo 3 - H19,1,0.0,7.7,9.610389610389614,9.220779220779225,True,ULTRASONIDO,3,50118723.36272725,7.7,50118723.36272725
HC3,ultrasonido,Grupo 3 - H19,2,0.0,,17.662337662337666,8.642952276350565,True,ULTRASONIDO,4,,7.7,50118723.36272725
HC3,ultrasonido,Grupo 3 - H19,3,0.0,,0.3896103896103928,,True,ULTRASONIDO,5,,7.7,50118723.36272725
HC3,ultrasonido,Grupo 3 - H19,1,5.0,6.96,9.610389610389614,9.220779220779225,False,ULTRASONIDO,3,9120108.393559096,7.7,50118723.36272725
HC3,ultrasonido,Grupo 3 - H19,2,5.0,6.34,17.662337662337666,8.642952276350565,False,ULTRASONIDO,4,2187761.623949552,7.7,50118723.36272725
HC3,ultrasonido,Grupo 3 - H19,3,5.0,7.67,0.3896103896103928,,False,ULTRASONIDO,5,46773514.12871981,7.7,50118723.36272725
HC5,ultrasonido,Grupo 1 - H1,1,0.0,6.6,-16.515151515151526,-15.90909090909092,True,ULTRASONIDO,6,3981071.7055349695,6.6,3981071.7055349695
HC5,ultrasonido,Grupo 1 - H1,2,0.0,,-15.303030303030315,0.6060606060606055,True,ULTRASONIDO,7,,6.6,3981071.7055349695
HC5,ultrasonido,Grupo 1 - H1,3,0.0,,-15.90909090909092,,True,ULTRASONIDO,8,,6.6,3981071.7055349695
HC5,ultrasonido,Grupo 1 - H1,1,5.0,7.69,-16.515151515151526,-15.90909090909092,False,ULTRASONIDO,6,48977881.93684466,6.6,3981071.7055349695
HC5,ultrasonido,Grupo 1 - H1,2,5.0,7.61,-15.303030303030315,0.6060606060606055,False,ULTRASONIDO,7,40738027.7804113,6.6,3981071.7055349695
HC5,ultrasonido,Grupo 1 - H1,3,5.0,7.65,-15.90909090909092,,False,ULTRASONIDO,8,44668359.21509635,6.6,3981071.7055349695
HC6,ultrasonido,Grupo 4 - H28,1,0.0,7.43,2.691790040376841,1.884253028263792,True,ULTRASONIDO,9,26915348.03926913,7.43,26915348.039269138
HC6,ultrasonido,Grupo 4 - H28,2,0.0,,1.615074024226112,0.7121807028437622,True,ULTRASONIDO,10,,7.43,26915348.039269138
HC6,ultrasonido,Grupo 4 - H28,3,0.0,,1.3458950201884206,,True,ULTRASONIDO,11,,7.43,26915348.039269138
HC6,ultrasonido,Grupo 4 - H28,1,5.0,7.23,2.691790040376841,1.884253028263792,False,ULTRASONIDO,9,16982436.52461746,7.43,26915348.039269138
HC6,ultrasonido,Grupo 4 - H28,2,5.0,7.31,1.615074024226112,0.7121807028437622,False,ULTRASONIDO,10,20417379.44669528,7.43,26915348.039269138
HC6,ultrasonido,Grupo 4 - H28,3,5.0,7.33,1.3458950201884206,,False,ULTRASONIDO,11,21379620.895022325,7.43,26915348.039269138
HC9,ultrasonido,Grupo 3 - H20,1,0.0,7.23,-6.915629322268326,-0.6454587367450427,True,ULTRASONIDO,12,16982436.52461746,7.23,16982436.52461746
HC9,ultrasonido,Grupo 3 - H20,2,0.0,,10.373443983402488,9.57292309626608,True,ULTRASONIDO,13,,7.23,16982436.52461746
HC9,ultrasonido,Grupo 3 - H20,3,0.0,,-5.3941908713692905,,True,ULTRASONIDO,14,,7.23,16982436.52461746
HC9,ultrasonido,Grupo 3 - H20,1,5.0,7.73,-6.915629322268326,-0.6454587367450427,False,ULTRASONIDO,12,53703179.63702533,7.23,16982436.52461746
HC9,ultrasonido,Grupo 3 - H20,2,5.0,6.48,10.373443983402488,9.57292309626608,False,ULTRASONIDO,13,3019951.720402019,7.23,16982436.52461746
HC9,ultrasonido,Grupo 3 - H20,3,5.0,7.62,-5.3941908713692905,,False,ULTRASONIDO,14,41686938.34703355,7.23,16982436.52461746
