aislado_id,metodo_extraccion,grupo_experimental,replica_biologica,concentracion_mg_ml,crecimiento_mm,porcentaje_inhibicion_hoja,extra_medicion,es_control,hoja_origen,fila_origen,control_crecimiento_mm,porcentaje_inhibicion,inhibicion_completa,inhibicion_negativa,diferencia_con_hoja,logit_inhibicion
FU1,maceracion,Grupo 2 - H17,1,0.0,64.0,100.0,100.0,True,MACERACIÓN,84,64.0,,False,False,,
FU1,maceracion,Grupo 2 - H17,2,0.0,,100.0,0.0,True,MACERACIÓN,85,64.0,,False,False,,
FU1,maceracion,Grupo 2 - H17,3,0.0,,100.0,,True,MACERACIÓN,86,64.0,,False,False,,
FU1,maceracion,Grupo 2 - H17,1,0.2,,100.0,100.0,False,MACERACIÓN,84,64.0,,False,False,,
FU1,maceracion,Grupo 2 - H17,2,0.2,,100.0,0.0,False,MACERACIÓN,85,64.0,,False,False,,
FU1,maceracion,Grupo 2 - H17,3,0.2,,100.0,,False,MACERACIÓN,86,64.0,,False,False,,
FU1,maceracion,Grupo 2 - H17,1,1.0,,100.0,100.0,False,MACERACIÓN,84,64.0,,False,False,,
FU1,maceracion,Grupo 2 - H17,2,1.0,,100.0,0.0,False,MACERACIÓN,85,64.0,,False,False,,
FU1,maceracion,Grupo 2 - H17,3,1.0,,100.0,,False,MACERACIÓN,86,64.0,,False,False,,
FU1,maceracion,Grupo 2 - H17,1,5.0,0.0,100.0,100.0,False,MACERACIÓN,84,64.0,100.0,True,False,0.0,
FU1,maceracion,Grupo 2 - H17,2,5.0,0.0,100.0,0.0,False,MACERACIÓN,85,64.0,100.0,True,False,0.0,
FU1,maceracion,Grupo 2 - H17,3,5.0,0.0,100.0,,False,MACERACIÓN,86,64.0,100.0,True,False,0.0,
FU2 (UCMU21),maceracion,Grupo 3 - H25,1,0.0,64.0,100.0,100.0,True,MACERACIÓN,87,64.0,,False,False,,
FU2 (UCMU21),maceracion,Grupo 3 - H25,2,0.0,,100.0,0.0,True,MACERACIÓN,88,64.0,,False,False,,
FU2 (UCMU21),maceracion,Grupo 3 - H25,3,0.0,,100.0,,True,MACERACIÓN,89,64.0,,False,False,,
FU2 (UCMU21),maceracion,Grupo 3 - H25,1,0.2,50.0,100.0,100.0,False,MACERACIÓN,87,64.0,21.875,False,False,-78.125,-1.2729656758128873
FU2 (UCMU21),maceracion,Grupo 3 - H25,2,0.2,40.0,100.0,0.0,False,MACERACIÓN,88,64.0,37.5,False,False,-62.5,-0.5108256237659907
FU2 (UCMU21),maceracion,Grupo 3 - H25,3,0.2,36.0,100.0,,False,MACERACIÓN,89,64.0,43.75,False,False,-56.25,-0.25131442828090605
FU2 (UCMU21),maceracion,Grupo 3 - H25,1,1.0,36.0,100.0,100.0,False,MACERACIÓN,87,64.0,43.75,False,False,-56.25,-0.25131442828090605
FU2 (UCMU21),maceracion,Grupo 3 - H25,2,1.0,36.0,100.0,0.0,False,MACERACIÓN,88,64.0,43.75,False,False,-56.25,-0.25131442828090605
FU2 (UCMU21),maceracion,Grupo 3 - H25,3,1.0,38.0,100.0,,False,MACERACIÓN,89,64.0,40.625,False,False,-59.375,-0.3794896217049037
FU2 (UCMU21),maceracion,Grupo 3 - H25,1,5.0,0.0,100.0,100.0,False,MACERACIÓN,87,64.0,100.0,True,False,0.0,
FU2 (UCMU21),maceracion,Grupo 3 - H25,2,5.0,0.0,100.0,0.0,False,MACERACIÓN,88,64.0,100.0,True,False,0.0,
FU2 (UCMU21),maceracion,Grupo 3 - H25,3,5.0,0.0,100.0,,False,MACERACIÓN,89,64.0,100.0,True,False,0.0,
FUSARIUM JULIAN H20,maceracion,Grupo 4 - H18,1,0.0,68.0,82.3529411764706,78.43137254901961,True,MACERACIÓN,90,68.0,,False,False,,
FUSARIUM JULIAN H20,maceracion,Grupo 4 - H18,2,0.0,,70.58823529411765,6.792356108113244,True,MACERACIÓN,91,68.0,,False,False,,
FUSARIUM JULIAN H20,maceracion,Grupo 4 - H18,3,0.0,,82.3529411764706,,True,MACERACIÓN,92,68.0,,False,False,,
FUSARIUM JULIAN H20,maceracion,Grupo 4 - H18,1,0.2,,82.3529411764706,78.43137254901961,False,MACERACIÓN,90,68.0,,False,False,,
FUSARIUM JULIAN H20,maceracion,Grupo 4 - H18,2,0.2,,70.58823529411765,6.792356108113244,False,MACERACIÓN,91,68.0,,False,False,,
FUSARIUM JULIAN H20,maceracion,Grupo 4 - H18,3,0.2,,82.3529411764706,,False,MACERACIÓN,92,68.0,,False,False,,
FUSARIUM JULIAN H20,maceracion,Grupo 4 - H18,1,1.0,,82.3529411764706,78.43137254901961,False,MACERACIÓN,90,68.0,,False,False,,
FUSARIUM JULIAN H20,maceracion,Grupo 4 - H18,2,1.0,,70.58823529411765,6.792356108113244,False,MACERACIÓN,91,68.0,,False,False,,
FUSARIUM JULIAN H20,maceracion,Grupo 4 - H18,3,1.0,,82.3529411764706,,False,MACERACIÓN,92,68.0,,False,False,,
FUSARIUM JULIAN H20,maceracion,Grupo 4 - H18,1,5.0,12.0,82.3529411764706,78.43137254901961,False,MACERACIÓN,90,68.0,82.35294117647058,False,False,-1.4210854715202004e-14,1.5404450409471486
FUSARIUM JULIAN H20,maceracion,Grupo 4 - H18,2,5.0,20.0,70.58823529411765,6.792356108113244,False,MACERACIÓN,91,68.0,70.58823529411764,False,False,-1.4210854715202004e-14,0.8754687373538997
FUSARIUM JULIAN H20,maceracion,Grupo 4 - H18,3,5.0,12.0,82.3529411764706,,False,MACERACIÓN,92,68.0,82.35294117647058,False,False,-1.4210854715202004e-14,1.5404450409471486
FUSARIUM MARCE 1.2,maceracion,Grupo 3 - H27,1,0.0,60.0,100.0,91.1111111111111,True,MACERACIÓN,93,60.0,,False,False,,
FUSARIUM MARCE 1.2,maceracion,Grupo 3 - H27,2,0.0,,100.0,15.39600717839012,True,MACERACIÓN,94,60.0,,False,False,,
FUSARIUM MARCE 1.2,maceracion,Grupo 3 - H27,3,0.0,,73.33333333333333,,True,MACERACIÓN,95,60.0,,False,False,,
FUSARIUM MARCE 1.2,maceracion,Grupo 3 - H27,1,0.2,50.0,100.0,91.1111111111111,False,MACERACIÓN,93,60.0,16.666666666666664,False,False,-83.33333333333334,-1.6094379124341005
FUSARIUM MARCE 1.2,maceracion,Grupo 3 - H27,2,0.2,50.0,100.0,15.39600717839012,False,MACERACIÓN,94,60.0,16.666666666666664,False,False,-83.33333333333334,-1.6094379124341005
FUSARIUM MARCE 1.2,maceracion,Grupo 3 - H27,3,0.2,54.0,73.33333333333333,,False,MACERACIÓN,95,60.0,9.999999999999998,False,False,-63.33333333333333,-2.1972245773362196
FUSARIUM MARCE 1.2,maceracion,Grupo 3 - H27,1,1.0,56.0,100.0,91.1111111111111,False,MACERACIÓN,93,60.0,6.666666666666665,False,False,-93.33333333333333,-2.639057329615259
FUSARIUM MARCE 1.2,maceracion,Grupo 3 - H27,2,1.0,42.0,100.0,15.39600717839012,False,MACERACIÓN,94,60.0,30.000000000000004,False,False,-70.0,-0.8472978603872034
FUSARIUM MARCE 1.2,maceracion,Grupo 3 - H27,3,1.0,40.0,73.33333333333333,,False,MACERACIÓN,95,60.0,33.333333333333336,False,False,-39.99999999999999,-0.6931471805599451
FUSARIUM MARCE 1.2,maceracion,Grupo 3 - H27,1,5.0,0.0,100.0,91.1111111111111,False,MACERACIÓN,93,60.0,100.0,True,False,0.0,
FUSARIUM MARCE 1.2,maceracion,Grupo 3 - H27,2,5.0,0.0,100.0,15.39600717839012,False,MACERACIÓN,94,60.0,100.0,True,False,0.0,
FUSARIUM MARCE 1.2,maceracion,Grupo 3 - H27,3,5.0,16.0,73.33333333333333,,False,MACERACIÓN,95,60.0,73.33333333333334,False,False,1.4210854715202004e-14,1.0116009116784803
H11G,maceracion,Grupo 4 - H33,1,0.0,26.0,100.0,100.0,True,MACERACIÓN,57,26.0,,False,False,,
H11G,maceracion,Grupo 4 - H33,2,0.0,,100.0,0.0,True,MACERACIÓN,58,26.0,,False,False,,
H11G,maceracion,Grupo 4 - H33,3,0.0,,100.0,,True,MACERACIÓN,59,26.0,,False,False,,
H11G,maceracion,Grupo 4 - H33,1,0.2,30.0,100.0,100.0,False,MACERACIÓN,57,26.0,0.0,False,True,-100.0,
H11G,maceracion,Grupo 4 - H33,2,0.2,30.0,100.0,0.0,False,MACERACIÓN,58,26.0,0.0,False,True,-100.0,
H11G,maceracion,Grupo 4 - H33,3,0.2,30.0,100.0,,False,MACERACIÓN,59,26.0,0.0,False,True,-100.0,
H11G,maceracion,Grupo 4 - H33,1,1.0,24.0,100.0,100.0,False,MACERACIÓN,57,26.0,7.692307692307687,False,False,-92.3076923076923,-2.4849066497880012
H11G,maceracion,Grupo 4 - H33,2,1.0,26.0,100.0,0.0,False,MACERACIÓN,58,26.0,0.0,False,False,-100.0,
H11G,maceracion,Grupo 4 - H33,3,1.0,28.0,100.0,,False,MACERACIÓN,59,26.0,0.0,False,True,-100.0,
H11G,maceracion,Grupo 4 - H33,1,5.0,0.0,100.0,100.0,False,MACERACIÓN,57,26.0,100.0,True,False,0.0,
H11G,maceracion,Grupo 4 - H33,2,5.0,0.0,100.0,0.0,False,MACERACIÓN,58,26.0,100.0,True,False,0.0,
H11G,maceracion,Grupo 4 - H33,3,5.0,0.0,100.0,,False,MACERACIÓN,59,26.0,100.0,True,False,0.0,
H1N,maceracion,Grupo 2 - H10,1,0.0,50.0,68.0,62.66666666666666,True,MACERACIÓN,60,50.0,,False,False,,
H1N,maceracion,Grupo 2 - H10,2,0.0,,76.0,16.653327995729054,True,MACERACIÓN,61,50.0,,False,False,,
H1N,maceracion,Grupo 2 - H10,3,0.0,,44.0,,True,MACERACIÓN,62,50.0,,False,False,,
H1N,maceracion,Grupo 2 - H10,1,0.2,50.0,68.0,62.66666666666666,False,MACERACIÓN,60,50.0,0.0,False,False,-68.0,
H1N,maceracion,Grupo 2 - H10,2,0.2,50.0,76.0,16.653327995729054,False,MACERACIÓN,61,50.0,0.0,False,False,-76.0,
H1N,maceracion,Grupo 2 - H10,3,0.2,50.0,44.0,,False,MACERACIÓN,62,50.0,0.0,False,False,-44.0,
H1N,maceracion,Grupo 2 - H10,1,1.0,40.0,68.0,62.66666666666666,False,MACERACIÓN,60,50.0,19.999999999999996,False,False,-48.0,-1.3862943611198908
H1N,maceracion,Grupo 2 - H10,2,1.0,46.0,76.0,16.653327995729054,False,MACERACIÓN,61,50.0,7.9999999999999964,False,False,-68.0,-2.4423470353692047
H1N,maceracion,Grupo 2 - H10,3,1.0,46.0,44.0,,False,MACERACIÓN,62,50.0,7.9999999999999964,False,False,-36.0,-2.4423470353692047
H1N,maceracion,Grupo 2 - H10,1,5.0,16.0,68.0,62.66666666666666,False,MACERACIÓN,60,50.0,68.0,False,False,0.0,0.7537718023763803
H1N,maceracion,Grupo 2 - H10,2,5.0,12.0,76.0,16.653327995729054,False,MACERACIÓN,61,50.0,76.0,False,False,0.0,1.1526795099383855
H1N,maceracion,Grupo 2 - H10,3,5.0,28.0,44.0,,False,MACERACIÓN,62,50.0,43.99999999999999,False,False,-7.105427357601002e-15,-0.24116205681688824
H2N,maceracion,Grupo 2 - H11,1,0.0,54.0,55.55555555555556,69.1358024691358,True,MACERACIÓN,63,54.0,,False,False,,
H2N,maceracion,Grupo 2 - H11,2,0.0,,74.07407407407408,11.905741680238265,True,MACERACIÓN,64,54.0,,False,False,,
H2N,maceracion,Grupo 2 - H11,3,0.0,,77.77777777777777,,True,MACERACIÓN,65,54.0,,False,False,,
H2N,maceracion,Grupo 2 - H11,1,0.2,48.0,55.55555555555556,69.1358024691358,False,MACERACIÓN,63,54.0,11.111111111111116,False,False,-44.44444444444444,-2.0794415416798353
H2N,maceracion,Grupo 2 - H11,2,0.2,40.0,74.07407407407408,11.905741680238265,False,MACERACIÓN,64,54.0,25.92592592592593,False,False,-48.148148148148145,-1.0498221244986774
H2N,maceracion,Grupo 2 - H11,3,0.2,50.0,77.77777777777777,,False,MACERACIÓN,65,54.0,7.4074074074074066,False,False,-70.37037037037037,-2.5257286443082556
H2N,maceracion,Grupo 2 - H11,1,1.0,38.0,55.55555555555556,69.1358024691358,False,MACERACIÓN,63,54.0,29.629629629629626,False,False,-25.92592592592593,-0.8649974374866046
H2N,maceracion,Grupo 2 - H11,2,1.0,38.0,74.07407407407408,11.905741680238265,False,MACERACIÓN,64,54.0,29.629629629629626,False,False,-44.44444444444445,-0.8649974374866046
H2N,maceracion,Grupo 2 - H11,3,1.0,42.0,77.77777777777777,,False,MACERACIÓN,65,54.0,22.22222222222222,False,False,-55.55555555555555,-1.252762968495368
H2N,maceracion,Grupo 2 - H11,1,5.0,24.0,55.55555555555556,69.1358024691358,False,MACERACIÓN,63,54.0,55.55555555555556,False,False,0.0,0.22314355131420993
H2N,maceracion,Grupo 2 - H11,2,5.0,14.0,74.07407407407408,11.905741680238265,False,MACERACIÓN,64,54.0,74.07407407407408,False,False,0.0,1.049822124498678
H2N,maceracion,Grupo 2 - H11,3,5.0,12.0,77.77777777777777,,False,MACERACIÓN,65,54.0,77.77777777777779,False,False,1.4210854715202004e-14,1.2527629684953687
H3N,maceracion,Grupo 2 - H12,1,0.0,50.0,100.0,100.0,True,MACERACIÓN,66,50.0,,False,False,,
H3N,maceracion,Grupo 2 - H12,2,0.0,,100.0,0.0,True,MACERACIÓN,67,50.0,,False,False,,
H3N,maceracion,Grupo 2 - H12,3,0.0,,100.0,,True,MACERACIÓN,68,50.0,,False,False,,
H3N,maceracion,Grupo 2 - H12,1,0.2,50.0,100.0,100.0,False,MACERACIÓN,66,50.0,0.0,False,False,-100.0,
H3N,maceracion,Grupo 2 - H12,2,0.2,50.0,100.0,0.0,False,MACERACIÓN,67,50.0,0.0,False,False,-100.0,
H3N,maceracion,Grupo 2 - H12,3,0.2,50.0,100.0,,False,MACERACIÓN,68,50.0,0.0,False,False,-100.0,
H3N,maceracion,Grupo 2 - H12,1,1.0,38.0,100.0,100.0,False,MACERACIÓN,66,50.0,24.0,False,False,-76.0,-1.1526795099383855
H3N,maceracion,Grupo 2 - H12,2,1.0,40.0,100.0,0.0,False,MACERACIÓN,67,50.0,19.999999999999996,False,False,-80.0,-1.3862943611198908
H3N,maceracion,Grupo 2 - H12,3,1.0,44.0,100.0,,False,MACERACIÓN,68,50.0,12.0,False,False,-88.0,-1.9924301646902063
H3N,maceracion,Grupo 2 - H12,1,5.0,0.0,100.0,100.0,False,MACERACIÓN,66,50.0,100.0,True,False,0.0,
H3N,maceracion,Grupo 2 - H12,2,5.0,0.0,100.0,0.0,False,MACERACIÓN,67,50.0,100.0,True,False,0.0,
H3N,maceracion,Grupo 2 - H12,3,5.0,0.0,100.0,,False,MACERACIÓN,68,50.0,100.0,True,False,0.0,
H4B,maceracion,Grupo 4 - H29,1,0.0,68.0,100.0,93.13725490196076,True,MACERACIÓN,45,68.0,,False,False,,
H4B,maceracion,Grupo 4 - H29,2,0.0,,100.0,11.886623189198318,True,MACERACIÓN,46,68.0,,False,False,,
H4B,maceracion,Grupo 4 - H29,3,0.0,,79.41176470588235,,True,MACERACIÓN,47,68.0,,False,False,,
H4B,maceracion,Grupo 4 - H29,1,0.2,54.0,100.0,93.13725490196076,False,MACERACIÓN,45,68.0,20.588235294117652,False,False,-79.41176470588235,-1.3499267169490154
H4B,maceracion,Grupo 4 - H29,2,0.2,56.0,100.0,11.886623189198318,False,MACERACIÓN,46,68.0,17.647058823529417,False,False,-82.35294117647058,-1.5404450409471486
H4B,maceracion,Grupo 4 - H29,3,0.2,50.0,79.41176470588235,,False,MACERACIÓN,47,68.0,26.470588235294112,False,False,-52.94117647058823,-1.0216512475319817
H4B,maceracion,Grupo 4 - H29,1,1.0,40.0,100.0,93.13725490196076,False,MACERACIÓN,45,68.0,41.17647058823529,False,False,-58.82352941176471,-0.35667494393873245
H4B,maceracion,Grupo 4 - H29,2,1.0,46.0,100.0,11.886623189198318,False,MACERACIÓN,46,68.0,32.35294117647059,False,False,-67.64705882352942,-0.7375989431307793
H4B,maceracion,Grupo 4 - H29,3,1.0,42.0,79.41176470588235,,False,MACERACIÓN,47,68.0,38.23529411764706,False,False,-41.17647058823529,-0.4795730802618864
H4B,maceracion,Grupo 4 - H29,1,5.0,0.0,100.0,93.13725490196076,False,MACERACIÓN,45,68.0,100.0,True,False,0.0,
H4B,maceracion,Grupo 4 - H29,2,5.0,0.0,100.0,11.886623189198318,False,MACERACIÓN,46,68.0,100.0,True,False,0.0,
H4B,maceracion,Grupo 4 - H29,3,5.0,14.0,79.41176470588235,,False,MACERACIÓN,47,68.0,79.41176470588236,False,False,1.4210854715202004e-14,1.3499267169490161
H4G,maceracion,Grupo 4 - H31,1,0.0,54.0,100.0,91.35802469135804,True,MACERACIÓN,51,54.0,,False,False,,
H4G,maceracion,Grupo 4 - H31,2,0.0,,100.0,14.968340312323647,True,MACERACIÓN,52,54.0,,False,False,,
H4G,maceracion,Grupo 4 - H31,3,0.0,,74.07407407407408,,True,MACERACIÓN,53,54.0,,False,False,,
H4G,maceracion,Grupo 4 - H31,1,0.2,58.0,100.0,91.35802469135804,False,MACERACIÓN,51,54.0,0.0,False,True,-100.0,
H4G,maceracion,Grupo 4 - H31,2,0.2,50.0,100.0,14.968340312323647,False,MACERACIÓN,52,54.0,7.4074074074074066,False,False,-92.5925925925926,-2.5257286443082556
H4G,maceracion,Grupo 4 - H31,3,0.2,54.0,74.07407407407408,,False,MACERACIÓN,53,54.0,0.0,False,False,-74.07407407407408,
H4G,maceracion,Grupo 4 - H31,1,1.0,40.0,100.0,91.35802469135804,False,MACERACIÓN,51,54.0,25.92592592592593,False,False,-74.07407407407408,-1.0498221244986774
H4G,maceracion,Grupo 4 - H31,2,1.0,44.0,100.0,14.968340312323647,False,MACERACIÓN,52,54.0,18.518518518518523,False,False,-81.48148148148148,-1.4816045409242151
H4G,maceracion,Grupo 4 - H31,3,1.0,40.0,74.07407407407408,,False,MACERACIÓN,53,54.0,25.92592592592593,False,False,-48.148148148148145,-1.0498221244986774
H4G,maceracion,Grupo 4 - H31,1,5.0,0.0,100.0,91.35802469135804,False,MACERACIÓN,51,54.0,100.0,True,False,0.0,
H4G,maceracion,Grupo 4 - H31,2,5.0,0.0,100.0,14.968340312323647,False,MACERACIÓN,52,54.0,100.0,True,False,0.0,
H4G,maceracion,Grupo 4 - H31,3,5.0,14.0,74.07407407407408,,False,MACERACIÓN,53,54.0,74.07407407407408,False,False,0.0,1.049822124498678
H4N,maceracion,Grupo 2 - H13,1,0.0,58.0,75.86206896551724,82.75862068965517,True,MACERACIÓN,69,58.0,,False,False,,
H4N,maceracion,Grupo 2 - H13,2,0.0,,72.41379310344827,15.0306860122092,True,MACERACIÓN,70,58.0,,False,False,,
H4N,maceracion,Grupo 2 - H13,3,0.0,,100.0,,True,MACERACIÓN,71,58.0,,False,False,,
H4N,maceracion,Grupo 2 - H13,1,0.2,60.0,75.86206896551724,82.75862068965517,False,MACERACIÓN,69,58.0,0.0,False,True,-75.86206896551724,
H4N,maceracion,Grupo 2 - H13,2,0.2,50.0,72.41379310344827,15.0306860122092,False,MACERACIÓN,70,58.0,13.793103448275868,False,False,-58.6206896551724,-1.8325814637483098
H4N,maceracion,Grupo 2 - H13,3,0.2,58.0,100.0,,False,MACERACIÓN,71,58.0,0.0,False,False,-100.0,
H4N,maceracion,Grupo 2 - H13,1,1.0,50.0,75.86206896551724,82.75862068965517,False,MACERACIÓN,69,58.0,13.793103448275868,False,False,-62.06896551724137,-1.8325814637483098
H4N,maceracion,Grupo 2 - H13,2,1.0,50.0,72.41379310344827,15.0306860122092,False,MACERACIÓN,70,58.0,13.793103448275868,False,False,-58.6206896551724,-1.8325814637483098
H4N,maceracion,Grupo 2 - H13,3,1.0,48.0,100.0,,False,MACERACIÓN,71,58.0,17.24137931034483,False,False,-82.75862068965517,-1.5686159179138452
H4N,maceracion,Grupo 2 - H13,1,5.0,14.0,75.86206896551724,82.75862068965517,False,MACERACIÓN,69,58.0,75.86206896551724,False,False,0.0,1.1451323043030024
H4N,maceracion,Grupo 2 - H13,2,5.0,16.0,72.41379310344827,15.0306860122092,False,MACERACIÓN,70,58.0,72.41379310344827,False,False,0.0,0.9650808960435866
H4N,maceracion,Grupo 2 - H13,3,5.0,0.0,100.0,,False,MACERACIÓN,71,58.0,100.0,True,False,0.0,
H5N,maceracion,Grupo 2 - H14,1,0.0,60.0,100.0,100.0,True,MACERACIÓN,72,60.0,,False,False,,
H5N,maceracion,Grupo 2 - H14,2,0.0,,100.0,0.0,True,MACERACIÓN,73,60.0,,False,False,,
H5N,maceracion,Grupo 2 - H14,3,0.0,,100.0,,True,MACERACIÓN,74,60.0,,False,False,,
H5N,maceracion,Grupo 2 - H14,1,0.2,,100.0,100.0,False,MACERACIÓN,72,60.0,,False,False,,
H5N,maceracion,Grupo 2 - H14,2,0.2,,100.0,0.0,False,MACERACIÓN,73,60.0,,False,False,,
H5N,maceracion,Grupo 2 - H14,3,0.2,,100.0,,False,MACERACIÓN,74,60.0,,False,False,,
H5N,maceracion,Grupo 2 - H14,1,1.0,,100.0,100.0,False,MACERACIÓN,72,60.0,,False,False,,
H5N,maceracion,Grupo 2 - H14,2,1.0,,100.0,0.0,False,MACERACIÓN,73,60.0,,False,False,,
H5N,maceracion,Grupo 2 - H14,3,1.0,,100.0,,False,MACERACIÓN,74,60.0,,False,False,,
H5N,maceracion,Grupo 2 - H14,1,5.0,0.0,100.0,100.0,False,MACERACIÓN,72,60.0,100.0,True,False,0.0,
H5N,maceracion,Grupo 2 - H14,2,5.0,0.0,100.0,0.0,False,MACERACIÓN,73,60.0,100.0,True,False,0.0,
H5N,maceracion,Grupo 2 - H14,3,5.0,0.0,100.0,,False,MACERACIÓN,74,60.0,100.0,True,False,0.0,
H6B,maceracion,Grupo 4 - H30,1,0.0,65.0,100.0,92.82051282051282,True,MACERACIÓN,48,65.0,,False,False,,
H6B,maceracion,Grupo 4 - H30,2,0.0,,100.0,12.435236567161278,True,MACERACIÓN,49,65.0,,False,False,,
H6B,maceracion,Grupo 4 - H30,3,0.0,,78.46153846153847,,True,MACERACIÓN,50,65.0,,False,False,,
H6B,maceracion,Grupo 4 - H30,1,0.2,56.0,100.0,92.82051282051282,False,MACERACIÓN,48,65.0,13.846153846153841,False,False,-86.15384615384616,-1.8281271133989303
H6B,maceracion,Grupo 4 - H30,2,0.2,54.0,100.0,12.435236567161278,False,MACERACIÓN,49,65.0,16.92307692307692,False,False,-83.07692307692308,-1.591088773765904
H6B,maceracion,Grupo 4 - H30,3,0.2,58.0,78.46153846153847,,False,MACERACIÓN,50,65.0,10.769230769230765,False,False,-67.69230769230771,-2.1145328614911065
H6B,maceracion,Grupo 4 - H30,1,1.0,38.0,100.0,92.82051282051282,False,MACERACIÓN,48,65.0,41.53846153846153,False,False,-58.46153846153847,-0.34174929372205687
H6B,maceracion,Grupo 4 - H30,2,1.0,46.0,100.0,12.435236567161278,False,MACERACIÓN,49,65.0,29.230769230769226,False,False,-70.76923076923077,-0.8842024173226547
H6B,maceracion,Grupo 4 - H30,3,1.0,40.0,78.46153846153847,,False,MACERACIÓN,50,65.0,38.46153846153846,False,False,-40.00000000000001,-0.47000362924573574
H6B,maceracion,Grupo 4 - H30,1,5.0,0.0,100.0,92.82051282051282,False,MACERACIÓN,48,65.0,100.0,True,False,0.0,
H6B,maceracion,Grupo 4 - H30,2,5.0,0.0,100.0,12.435236567161278,False,MACERACIÓN,49,65.0,100.0,True,False,0.0,
H6B,maceracion,Grupo 4 - H30,3,5.0,14.0,78.46153846153847,,False,MACERACIÓN,50,65.0,78.46153846153847,False,False,0.0,1.2927683031090678
H6N,maceracion,Grupo 2 - H15,1,0.0,50.0,68.0,80.0,True,MACERACIÓN,75,50.0,,False,False,,
H6N,maceracion,Grupo 2 - H15,2,0.0,,72.0,17.435595774162696,True,MACERACIÓN,76,50.0,,False,False,,
H6N,maceracion,Grupo 2 - H15,3,0.0,,100.0,,True,MACERACIÓN,77,50.0,,False,False,,
H6N,maceracion,Grupo 2 - H15,1,0.2,56.0,68.0,80.0,False,MACERACIÓN,75,50.0,0.0,False,True,-68.0,
H6N,maceracion,Grupo 2 - H15,2,0.2,54.0,72.0,17.435595774162696,False,MACERACIÓN,76,50.0,0.0,False,True,-72.0,
H6N,maceracion,Grupo 2 - H15,3,0.2,50.0,100.0,,False,MACERACIÓN,77,50.0,0.0,False,False,-100.0,
H6N,maceracion,Grupo 2 - H15,1,1.0,50.0,68.0,80.0,False,MACERACIÓN,75,50.0,0.0,False,False,-68.0,
H6N,maceracion,Grupo 2 - H15,2,1.0,44.0,72.0,17.435595774162696,False,MACERACIÓN,76,50.0,12.0,False,False,-60.0,-1.9924301646902063
H6N,maceracion,Grupo 2 - H15,3,1.0,50.0,100.0,,False,MACERACIÓN,77,50.0,0.0,False,False,-100.0,
H6N,maceracion,Grupo 2 - H15,1,5.0,16.0,68.0,80.0,False,MACERACIÓN,75,50.0,68.0,False,False,0.0,0.7537718023763803
H6N,maceracion,Grupo 2 - H15,2,5.0,14.0,72.0,17.435595774162696,False,MACERACIÓN,76,50.0,72.0,False,False,0.0,0.9444616088408513
H6N,maceracion,Grupo 2 - H15,3,5.0,0.0,100.0,,False,MACERACIÓN,77,50.0,100.0,True,False,0.0,
H8G,maceracion,Grupo 4 - H32,1,0.0,30.0,100.0,100.0,True,MACERACIÓN,54,30.0,,False,False,,
H8G,maceracion,Grupo 4 - H32,2,0.0,,100.0,0.0,True,MACERACIÓN,55,30.0,,False,False,,
H8G,maceracion,Grupo 4 - H32,3,0.0,,100.0,,True,MACERACIÓN,56,30.0,,False,False,,
H8G,maceracion,Grupo 4 - H32,1,0.2,30.0,100.0,100.0,False,MACERACIÓN,54,30.0,0.0,False,False,-100.0,
H8G,maceracion,Grupo 4 - H32,2,0.2,30.0,100.0,0.0,False,MACERACIÓN,55,30.0,0.0,False,False,-100.0,
H8G,maceracion,Grupo 4 - H32,3,0.2,32.0,100.0,,False,MACERACIÓN,56,30.0,0.0,False,True,-100.0,
H8G,maceracion,Grupo 4 - H32,1,1.0,24.0,100.0,100.0,False,MACERACIÓN,54,30.0,19.999999999999996,False,False,-80.0,-1.3862943611198908
H8G,maceracion,Grupo 4 - H32,2,1.0,28.0,100.0,0.0,False,MACERACIÓN,55,30.0,6.666666666666665,False,False,-93.33333333333333,-2.639057329615259
H8G,maceracion,Grupo 4 - H32,3,1.0,30.0,100.0,,False,MACERACIÓN,56,30.0,0.0,False,False,-100.0,
H8G,maceracion,Grupo 4 - H32,1,5.0,0.0,100.0,100.0,False,MACERACIÓN,54,30.0,100.0,True,False,0.0,
H8G,maceracion,Grupo 4 - H32,2,5.0,0.0,100.0,0.0,False,MACERACIÓN,55,30.0,100.0,True,False,0.0,
H8G,maceracion,Grupo 4 - H32,3,5.0,0.0,100.0,,False,MACERACIÓN,56,30.0,100.0,True,False,0.0,
H8N,maceracion,Grupo 3 - H24,1,0.0,74.0,100.0,92.7927927927928,True,MACERACIÓN,78,74.0,,False,False,,
H8N,maceracion,Grupo 3 - H24,2,0.0,,100.0,12.483249063559468,True,MACERACIÓN,79,74.0,,False,False,,
H8N,maceracion,Grupo 3 - H24,3,0.0,,78.37837837837837,,True,MACERACIÓN,80,74.0,,False,False,,
H8N,maceracion,Grupo 3 - H24,1,0.2,50.0,100.0,92.7927927927928,False,MACERACIÓN,78,74.0,32.432432432432435,False,False,-67.56756756756756,-0.7339691750802003
H8N,maceracion,Grupo 3 - H24,2,0.2,56.0,100.0,12.483249063559468,False,MACERACIÓN,79,74.0,24.32432432432432,False,False,-75.67567567567568,-1.134979932838985
H8N,maceracion,Grupo 3 - H24,3,0.2,56.0,78.37837837837837,,False,MACERACIÓN,80,74.0,24.32432432432432,False,False,-54.05405405405405,-1.134979932838985
H8N,maceracion,Grupo 3 - H24,1,1.0,40.0,100.0,92.7927927927928,False,MACERACIÓN,78,74.0,45.945945945945944,False,False,-54.054054054054056,-0.16251892949777508
H8N,maceracion,Grupo 3 - H24,2,1.0,44.0,100.0,12.483249063559468,False,MACERACIÓN,79,74.0,40.54054054054054,False,False,-59.45945945945946,-0.38299225225610556
H8N,maceracion,Grupo 3 - H24,3,1.0,50.0,78.37837837837837,,False,MACERACIÓN,80,74.0,32.432432432432435,False,False,-45.94594594594594,-0.7339691750802003
H8N,maceracion,Grupo 3 - H24,1,5.0,0.0,100.0,92.7927927927928,False,MACERACIÓN,78,74.0,100.0,True,False,0.0,
H8N,maceracion,Grupo 3 - H24,2,5.0,0.0,100.0,12.483249063559468,False,MACERACIÓN,79,74.0,100.0,True,False,0.0,
H8N,maceracion,Grupo 3 - H24,3,5.0,16.0,78.37837837837837,,False,MACERACIÓN,80,74.0,78.37837837837837,False,False,0.0,1.287854288306638
H9N,maceracion,Grupo 2 - H16,1,0.0,70.0,100.0,100.0,True,MACERACIÓN,81,70.0,,False,False,,
H9N,maceracion,Grupo 2 - H16,2,0.0,,100.0,0.0,True,MACERACIÓN,82,70.0,,False,False,,
H9N,maceracion,Grupo 2 - H16,3,0.0,,100.0,,True,MACERACIÓN,83,70.0,,False,False,,
H9N,maceracion,Grupo 2 - H16,1,0.2,,100.0,100.0,False,MACERACIÓN,81,70.0,,False,False,,
H9N,maceracion,Grupo 2 - H16,2,0.2,,100.0,0.0,False,MACERACIÓN,82,70.0,,False,False,,
H9N,maceracion,Grupo 2 - H16,3,0.2,,100.0,,False,MACERACIÓN,83,70.0,,False,False,,
H9N,maceracion,Grupo 2 - H16,1,1.0,,100.0,100.0,False,MACERACIÓN,81,70.0,,False,False,,
H9N,maceracion,Grupo 2 - H16,2,1.0,,100.0,0.0,False,MACERACIÓN,82,70.0,,False,False,,
H9N,maceracion,Grupo 2 - H16,3,1.0,,100.0,,False,MACERACIÓN,83,70.0,,False,False,,
H9N,maceracion,Grupo 2 - H16,1,5.0,0.0,100.0,100.0,False,MACERACIÓN,81,70.0,100.0,True,False,0.0,
H9N,maceracion,Grupo 2 - H16,2,5.0,0.0,100.0,0.0,False,MACERACIÓN,82,70.0,100.0,True,False,0.0,
H9N,maceracion,Grupo 2 - H16,3,5.0,0.0,100.0,,False,MACERACIÓN,83,70.0,100.0,True,False,0.0,
HC10,maceracion,Grupo 1 - H2,1,0.0,60.0,80.0,75.55555555555556,True,MACERACIÓN,15,60.0,,False,False,,
HC10,maceracion,Grupo 1 - H2,2,0.0,,76.66666666666667,5.091750772173156,True,MACERACIÓN,16,60.0,,False,False,,
HC10,maceracion,Grupo 1 - H2,3,0.0,,70.0,,True,MACERACIÓN,17,60.0,,False,False,,
HC10,maceracion,Grupo 1 - H2,1,0.2,54.0,80.0,75.55555555555556,False,MACERACIÓN,15,60.0,9.999999999999998,False,False,-70.0,-2.1972245773362196
HC10,maceracion,Grupo 1 - H2,2,0.2,46.0,76.66666666666667,5.091750772173156,False,MACERACIÓN,16,60.0,23.33333333333333,False,False,-53.33333333333334,-1.1895840668738367
HC10,maceracion,Grupo 1 - H2,3,0.2,50.0,70.0,,False,MACERACIÓN,17,60.0,16.666666666666664,False,False,-53.333333333333336,-1.6094379124341005
HC10,maceracion,Grupo 1 - H2,1,1.0,40.0,80.0,75.55555555555556,False,MACERACIÓN,15,60.0,33.333333333333336,False,False,-46.666666666666664,-0.6931471805599451
HC10,maceracion,Grupo 1 - H2,2,1.0,50.0,76.66666666666667,5.091750772173156,False,MACERACIÓN,16,60.0,16.666666666666664,False,False,-60.00000000000001,-1.6094379124341005
HC10,maceracion,Grupo 1 - H2,3,1.0,44.0,70.0,,False,MACERACIÓN,17,60.0,26.66666666666667,False,False,-43.33333333333333,-1.0116009116784797
HC10,maceracion,Grupo 1 - H2,1,5.0,12.0,80.0,75.55555555555556,False,MACERACIÓN,15,60.0,80.0,False,False,0.0,1.3862943611198908
HC10,maceracion,Grupo 1 - H2,2,5.0,14.0,76.66666666666667,5.091750772173156,False,MACERACIÓN,16,60.0,76.66666666666666,False,False,-1.4210854715202004e-14,1.189584066873836
HC10,maceracion,Grupo 1 - H2,3,5.0,18.0,70.0,,False,MACERACIÓN,17,60.0,70.0,False,False,0.0,0.8472978603872034
HC15,maceracion,Grupo 1 - H3,1,0.0,60.0,100.0,100.0,True,MACERACIÓN,18,60.0,,False,False,,
HC15,maceracion,Grupo 1 - H3,2,0.0,,100.0,0.0,True,MACERACIÓN,19,60.0,,False,False,,
HC15,maceracion,Grupo 1 - H3,3,0.0,,100.0,,True,MACERACIÓN,20,60.0,,False,False,,
HC15,maceracion,Grupo 1 - H3,1,0.2,54.0,100.0,100.0,False,MACERACIÓN,18,60.0,9.999999999999998,False,False,-90.0,-2.1972245773362196
HC15,maceracion,Grupo 1 - H3,2,0.2,60.0,100.0,0.0,False,MACERACIÓN,19,60.0,0.0,False,False,-100.0,
HC15,maceracion,Grupo 1 - H3,3,0.2,50.0,100.0,,False,MACERACIÓN,20,60.0,16.666666666666664,False,False,-83.33333333333334,-1.6094379124341005
HC15,maceracion,Grupo 1 - H3,1,1.0,38.0,100.0,100.0,False,MACERACIÓN,18,60.0,36.66666666666667,False,False,-63.33333333333333,-0.5465437063680699
HC15,maceracion,Grupo 1 - H3,2,1.0,44.0,100.0,0.0,False,MACERACIÓN,19,60.0,26.66666666666667,False,False,-73.33333333333333,-1.0116009116784797
HC15,maceracion,Grupo 1 - H3,3,1.0,40.0,100.0,,False,MACERACIÓN,20,60.0,33.333333333333336,False,False,-66.66666666666666,-0.6931471805599451
HC15,maceracion,Grupo 1 - H3,1,5.0,0.0,100.0,100.0,False,MACERACIÓN,18,60.0,100.0,True,False,0.0,
HC15,maceracion,Grupo 1 - H3,2,5.0,0.0,100.0,0.0,False,MACERACIÓN,19,60.0,100.0,True,False,0.0,
HC15,maceracion,Grupo 1 - H3,3,5.0,0.0,100.0,,False,MACERACIÓN,20,60.0,100.0,True,False,0.0,
HC16,maceracion,Grupo 1 - H4,1,0.0,58.0,100.0,80.45977011494253,True,MACERACIÓN,21,58.0,,False,False,,
HC16,maceracion,Grupo 1 - H4,2,0.0,,75.86206896551724,17.69517737740307,True,MACERACIÓN,22,58.0,,False,False,,
HC16,maceracion,Grupo 1 - H4,3,0.0,,65.51724137931035,,True,MACERACIÓN,23,58.0,,False,False,,
HC16,maceracion,Grupo 1 - H4,1,0.2,60.0,100.0,80.45977011494253,False,MACERACIÓN,21,58.0,0.0,False,True,-100.0,
HC16,maceracion,Grupo 1 - H4,2,0.2,40.0,75.86206896551724,17.69517737740307,False,MACERACIÓN,22,58.0,31.034482758620683,False,False,-44.827586206896555,-0.7985076962177718
HC16,maceracion,Grupo 1 - H4,3,0.2,42.0,65.51724137931035,,False,MACERACIÓN,23,58.0,27.586206896551722,False,False,-37.931034482758626,-0.9650808960435872
HC16,maceracion,Grupo 1 - H4,1,1.0,38.0,100.0,80.45977011494253,False,MACERACIÓN,21,58.0,34.48275862068966,False,False,-65.51724137931035,-0.6418538861723946
HC16,maceracion,Grupo 1 - H4,2,1.0,40.0,75.86206896551724,17.69517737740307,False,MACERACIÓN,22,58.0,31.034482758620683,False,False,-44.827586206896555,-0.7985076962177718
HC16,maceracion,Grupo 1 - H4,3,1.0,40.0,65.51724137931035,,False,MACERACIÓN,23,58.0,31.034482758620683,False,False,-34.482758620689665,-0.7985076962177718
HC16,maceracion,Grupo 1 - H4,1,5.0,0.0,100.0,80.45977011494253,False,MACERACIÓN,21,58.0,100.0,True,False,0.0,
HC16,maceracion,Grupo 1 - H4,2,5.0,14.0,75.86206896551724,17.69517737740307,False,MACERACIÓN,22,58.0,75.86206896551724,False,False,0.0,1.1451323043030024
HC16,maceracion,Grupo 1 - H4,3,5.0,20.0,65.51724137931035,,False,MACERACIÓN,23,58.0,65.51724137931035,False,False,0.0,0.6418538861723952
HC17,maceracion,Grupo 3 - H21,1,0.0,75.0,81.33333333333333,75.1111111111111,True,MACERACIÓN,24,75.0,,False,False,,
HC17,maceracion,Grupo 3 - H21,2,0.0,,65.33333333333333,8.572134009771517,True,MACERACIÓN,25,75.0,,False,False,,
HC17,maceracion,Grupo 3 - H21,3,0.0,,78.66666666666667,,True,MACERACIÓN,26,75.0,,False,False,,
HC17,maceracion,Grupo 3 - H21,1,0.2,60.0,81.33333333333333,75.1111111111111,False,MACERACIÓN,24,75.0,19.999999999999996,False,False,-61.33333333333333,-1.3862943611198908
HC17,maceracion,Grupo 3 - H21,2,0.2,60.0,65.33333333333333,8.572134009771517,False,MACERACIÓN,25,75.0,19.999999999999996,False,False,-45.33333333333333,-1.3862943611198908
HC17,maceracion,Grupo 3 - H21,3,0.2,56.0,78.66666666666667,,False,MACERACIÓN,26,75.0,25.33333333333333,False,False,-53.33333333333334,-1.080912711568709
HC17,maceracion,Grupo 3 - H21,1,1.0,42.0,81.33333333333333,75.1111111111111,False,MACERACIÓN,24,75.0,43.99999999999999,False,False,-37.333333333333336,-0.24116205681688824
HC17,maceracion,Grupo 3 - H21,2,1.0,42.0,65.33333333333333,8.572134009771517,False,MACERACIÓN,25,75.0,43.99999999999999,False,False,-21.333333333333336,-0.24116205681688824
HC17,maceracion,Grupo 3 - H21,3,1.0,50.0,78.66666666666667,,False,MACERACIÓN,26,75.0,33.333333333333336,False,False,-45.333333333333336,-0.6931471805599451
HC17,maceracion,Grupo 3 - H21,1,5.0,14.0,81.33333333333333,75.1111111111111,False,MACERACIÓN,24,75.0,81.33333333333333,False,False,0.0,1.4718165345580518
HC17,maceracion,Grupo 3 - H21,2,5.0,26.0,65.33333333333333,8.572134009771517,False,MACERACIÓN,25,75.0,65.33333333333333,False,False,0.0,0.6337237600891445
HC17,maceracion,Grupo 3 - H21,3,5.0,16.0,78.66666666666667,,False,MACERACIÓN,26,75.0,78.66666666666666,False,False,-1.4210854715202004e-14,1.304948721665938
HC19,maceracion,Grupo 1 - H5,1,0.0,46.0,69.56521739130434,63.76811594202898,True,MACERACIÓN,27,46.0,,False,False,,
HC19,maceracion,Grupo 1 - H5,2,0.0,,69.56521739130434,10.040874246776138,True,MACERACIÓN,28,46.0,,False,False,,
HC19,maceracion,Grupo 1 - H5,3,0.0,,52.17391304347826,,True,MACERACIÓN,29,46.0,,False,False,,
HC19,maceracion,Grupo 1 - H5,1,0.2,50.0,69.56521739130434,63.76811594202898,False,MACERACIÓN,27,46.0,0.0,False,True,-69.56521739130434,
HC19,maceracion,Grupo 1 - H5,2,0.2,50.0,69.56521739130434,10.040874246776138,False,MACERACIÓN,28,46.0,0.0,False,True,-69.56521739130434,
HC19,maceracion,Grupo 1 - H5,3,0.2,44.0,52.17391304347826,,False,MACERACIÓN,29,46.0,4.347826086956519,False,False,-47.82608695652174,-3.0910424533583165
HC19,maceracion,Grupo 1 - H5,1,1.0,40.0,69.56521739130434,63.76811594202898,False,MACERACIÓN,27,46.0,13.043478260869568,False,False,-56.521739130434774,-1.897119984885881
HC19,maceracion,Grupo 1 - H5,2,1.0,44.0,69.56521739130434,10.040874246776138,False,MACERACIÓN,28,46.0,4.347826086956519,False,False,-65.21739130434783,-3.0910424533583165
HC19,maceracion,Grupo 1 - H5,3,1.0,42.0,52.17391304347826,,False,MACERACIÓN,29,46.0,8.695652173913048,False,False,-43.47826086956521,-2.351375257163477
HC19,maceracion,Grupo 1 - H5,1,5.0,14.0,69.56521739130434,63.76811594202898,False,MACERACIÓN,27,46.0,69.56521739130434,False,False,0.0,0.8266785731844679
HC19,maceracion,Grupo 1 - H5,2,5.0,14.0,69.56521739130434,10.040874246776138,False,MACERACIÓN,28,46.0,69.56521739130434,False,False,0.0,0.8266785731844679
HC19,maceracion,Grupo 1 - H5,3,5.0,22.0,52.17391304347826,,False,MACERACIÓN,29,46.0,52.17391304347826,False,False,0.0,0.0870113769896297
HC20,maceracion,Grupo 1 - H6,1,0.0,46.0,65.21739130434783,62.31884057971015,True,MACERACIÓN,30,46.0,,False,False,,
HC20,maceracion,Grupo 1 - H6,2,0.0,,65.21739130434783,5.020437123388052,True,MACERACIÓN,31,46.0,,False,False,,
HC20,maceracion,Grupo 1 - H6,3,0.0,,56.52173913043478,,True,MACERACIÓN,32,46.0,,False,False,,
HC20,maceracion,Grupo 1 - H6,1,0.2,46.0,65.21739130434783,62.31884057971015,False,MACERACIÓN,30,46.0,0.0,False,False,-65.21739130434783,
HC20,maceracion,Grupo 1 - H6,2,0.2,42.0,65.21739130434783,5.020437123388052,False,MACERACIÓN,31,46.0,8.695652173913048,False,False,-56.52173913043478,-2.351375257163477
HC20,maceracion,Grupo 1 - H6,3,0.2,40.0,56.52173913043478,,False,MACERACIÓN,32,46.0,13.043478260869568,False,False,-43.47826086956521,-1.897119984885881
HC20,maceracion,Grupo 1 - H6,1,1.0,30.0,65.21739130434783,62.31884057971015,False,MACERACIÓN,30,46.0,34.78260869565217,False,False,-30.434782608695656,-0.6286086594223742
HC20,maceracion,Grupo 1 - H6,2,1.0,38.0,65.21739130434783,5.020437123388052,False,MACERACIÓN,31,46.0,17.391304347826086,False,False,-47.82608695652174,-1.55814461804655
HC20,maceracion,Grupo 1 - H6,3,1.0,36.0,56.52173913043478,,False,MACERACIÓN,32,46.0,21.739130434782606,False,False,-34.78260869565217,-1.2809338454620645
HC20,maceracion,Grupo 1 - H6,1,5.0,16.0,65.21739130434783,62.31884057971015,False,MACERACIÓN,30,46.0,65.21739130434783,False,False,0.0,0.6286086594223741
HC20,maceracion,Grupo 1 - H6,2,5.0,16.0,65.21739130434783,5.020437123388052,False,MACERACIÓN,31,46.0,65.21739130434783,False,False,0.0,0.6286086594223741
HC20,maceracion,Grupo 1 - H6,3,5.0,20.0,56.52173913043478,,False,MACERACIÓN,32,46.0,56.52173913043479,False,False,7.105427357601002e-15,0.2623642644674913
HC23,maceracion,Grupo 1 - H7,1,0.0,58.0,100.0,81.60919540229885,True,MACERACIÓN,33,58.0,,False,False,,
HC23,maceracion,Grupo 1 - H7,2,0.0,,79.3103448275862,17.35594123050743,True,MACERACIÓN,34,58.0,,False,False,,
HC23,maceracion,Grupo 1 - H7,3,0.0,,65.51724137931035,,True,MACERACIÓN,35,58.0,,False,False,,
HC23,maceracion,Grupo 1 - H7,1,0.2,60.0,100.0,81.60919540229885,False,MACERACIÓN,33,58.0,0.0,False,True,-100.0,
HC23,maceracion,Grupo 1 - H7,2,0.2,44.0,79.3103448275862,17.35594123050743,False,MACERACIÓN,34,58.0,24.13793103448276,False,False,-55.172413793103445,-1.1451323043030024
HC23,maceracion,Grupo 1 - H7,3,0.2,58.0,65.51724137931035,,False,MACERACIÓN,35,58.0,0.0,False,False,-65.51724137931035,
HC23,maceracion,Grupo 1 - H7,1,1.0,44.0,100.0,81.60919540229885,False,MACERACIÓN,33,58.0,24.13793103448276,False,False,-75.86206896551724,-1.1451323043030024
HC23,maceracion,Grupo 1 - H7,2,1.0,42.0,79.3103448275862,17.35594123050743,False,MACERACIÓN,34,58.0,27.586206896551722,False,False,-51.724137931034484,-0.9650808960435872
HC23,maceracion,Grupo 1 - H7,3,1.0,40.0,65.51724137931035,,False,MACERACIÓN,35,58.0,31.034482758620683,False,False,-34.482758620689665,-0.7985076962177718
HC23,maceracion,Grupo 1 - H7,1,5.0,0.0,100.0,81.60919540229885,False,MACERACIÓN,33,58.0,100.0,True,False,0.0,
HC23,maceracion,Grupo 1 - H7,2,5.0,12.0,79.3103448275862,17.35594123050743,False,MACERACIÓN,34,58.0,79.3103448275862,False,False,0.0,1.343734746701095
HC23,maceracion,Grupo 1 - H7,3,5.0,20.0,65.51724137931035,,False,MACERACIÓN,35,58.0,65.51724137931035,False,False,0.0,0.6418538861723952
HC26,maceracion,Grupo 3 - H22,1,0.0,57.0,100.0,100.0,True,MACERACIÓN,36,57.0,,False,False,,
HC26,maceracion,Grupo 3 - H22,2,0.0,,100.0,0.0,True,MACERACIÓN,37,57.0,,False,False,,
HC26,maceracion,Grupo 3 - H22,3,0.0,,100.0,,True,MACERACIÓN,38,57.0,,False,False,,
HC26,maceracion,Grupo 3 - H22,1,0.2,,100.0,100.0,False,MACERACIÓN,36,57.0,,False,False,,
HC26,maceracion,Grupo 3 - H22,2,0.2,,100.0,0.0,False,MACERACIÓN,37,57.0,,False,False,,
HC26,maceracion,Grupo 3 - H22,3,0.2,,100.0,,False,MACERACIÓN,38,57.0,,False,False,,
HC26,maceracion,Grupo 3 - H22,1,1.0,,100.0,100.0,False,MACERACIÓN,36,57.0,,False,False,,
HC26,maceracion,Grupo 3 - H22,2,1.0,,100.0,0.0,False,MACERACIÓN,37,57.0,,False,False,,
HC26,maceracion,Grupo 3 - H22,3,1.0,,100.0,,False,MACERACIÓN,38,57.0,,False,False,,
HC26,maceracion,Grupo 3 - H22,1,5.0,0.0,100.0,100.0,False,MACERACIÓN,36,57.0,100.0,True,False,0.0,
HC26,maceracion,Grupo 3 - H22,2,5.0,0.0,100.0,0.0,False,MACERACIÓN,37,57.0,100.0,True,False,0.0,
HC26,maceracion,Grupo 3 - H22,3,5.0,0.0,100.0,,False,MACERACIÓN,38,57.0,100.0,True,False,0.0,
HC27,maceracion,Grupo 1 - H8,1,0.0,50.0,72.0,70.66666666666667,True,MACERACIÓN,39,50.0,,False,False,,
HC27,maceracion,Grupo 1 - H8,2,0.0,,68.0,2.309401076758504,True,MACERACIÓN,40,50.0,,False,False,,
HC27,maceracion,Grupo 1 - H8,3,0.0,,72.0,,True,MACERACIÓN,41,50.0,,False,False,,
HC27,maceracion,Grupo 1 - H8,1,0.2,54.0,72.0,70.66666666666667,False,MACERACIÓN,39,50.0,0.0,False,True,-72.0,
HC27,maceracion,Grupo 1 - H8,2,0.2,52.0,68.0,2.309401076758504,False,MACERACIÓN,40,50.0,0.0,False,True,-68.0,
HC27,maceracion,Grupo 1 - H8,3,0.2,50.0,72.0,,False,MACERACIÓN,41,50.0,0.0,False,False,-72.0,
HC27,maceracion,Grupo 1 - H8,1,1.0,44.0,72.0,70.66666666666667,False,MACERACIÓN,39,50.0,12.0,False,False,-60.0,-1.9924301646902063
HC27,maceracion,Grupo 1 - H8,2,1.0,42.0,68.0,2.309401076758504,False,MACERACIÓN,40,50.0,16.000000000000004,False,False,-52.0,-1.6582280766035322
HC27,maceracion,Grupo 1 - H8,3,1.0,40.0,72.0,,False,MACERACIÓN,41,50.0,19.999999999999996,False,False,-52.0,-1.3862943611198908
HC27,maceracion,Grupo 1 - H8,1,5.0,14.0,72.0,70.66666666666667,False,MACERACIÓN,39,50.0,72.0,False,False,0.0,0.9444616088408513
HC27,maceracion,Grupo 1 - H8,2,5.0,16.0,68.0,2.309401076758504,False,MACERACIÓN,40,50.0,68.0,False,False,0.0,0.7537718023763803
HC27,maceracion,Grupo 1 - H8,3,5.0,14.0,72.0,,False,MACERACIÓN,41,50.0,72.0,False,False,0.0,0.9444616088408513
HC28,maceracion,Grupo 1 - H9,1,0.0,50.0,100.0,100.0,True,MACERACIÓN,42,50.0,,False,False,,
HC28,maceracion,Grupo 1 - H9,2,0.0,,100.0,0.0,True,MACERACIÓN,43,50.0,,False,False,,
HC28,maceracion,Grupo 1 - H9,3,0.0,,100.0,,True,MACERACIÓN,44,50.0,,False,False,,
HC28,maceracion,Grupo 1 - H9,1,0.2,52.0,100.0,100.0,False,MACERACIÓN,42,50.0,0.0,False,True,-100.0,
HC28,maceracion,Grupo 1 - H9,2,0.2,50.0,100.0,0.0,False,MACERACIÓN,43,50.0,0.0,False,False,-100.0,
HC28,maceracion,Grupo 1 - H9,3,0.2,46.0,100.0,,False,MACERACIÓN,44,50.0,7.9999999999999964,False,False,-92.0,-2.4423470353692047
HC28,maceracion,Grupo 1 - H9,1,1.0,46.0,100.0,100.0,False,MACERACIÓN,42,50.0,7.9999999999999964,False,False,-92.0,-2.4423470353692047
HC28,maceracion,Grupo 1 - H9,2,1.0,36.0,100.0,0.0,False,MACERACIÓN,43,50.0,28.000000000000004,False,False,-72.0,-0.9444616088408512
HC28,maceracion,Grupo 1 - H9,3,1.0,40.0,100.0,,False,MACERACIÓN,44,50.0,19.999999999999996,False,False,-80.0,-1.3862943611198908
HC28,maceracion,Grupo 1 - H9,1,5.0,0.0,100.0,100.0,False,MACERACIÓN,42,50.0,100.0,True,False,0.0,
HC28,maceracion,Grupo 1 - H9,2,5.0,0.0,100.0,0.0,False,MACERACIÓN,43,50.0,100.0,True,False,0.0,
HC28,maceracion,Grupo 1 - H9,3,5.0,0.0,100.0,,False,MACERACIÓN,44,50.0,100.0,True,False,0.0,
HC3,maceracion,Grupo 3 - H19,1,0.0,68.0,100.0,100.0,True,MACERACIÓN,3,68.0,,False,False,,
HC3,maceracion,Grupo 3 - H19,2,0.0,,100.0,0.0,True,MACERACIÓN,4,68.0,,False,False,,
HC3,maceracion,Grupo 3 - H19,3,0.0,,100.0,,True,MACERACIÓN,5,68.0,,False,False,,
HC3,maceracion,Grupo 3 - H19,1,0.2,50.0,100.0,100.0,False,MACERACIÓN,3,68.0,26.470588235294112,False,False,-73.52941176470588,-1.0216512475319817
HC3,maceracion,Grupo 3 - H19,2,0.2,48.0,100.0,0.0,False,MACERACIÓN,4,68.0,29.411764705882348,False,False,-70.58823529411765,-0.8754687373539002
HC3,maceracion,Grupo 3 - H19,3,0.2,44.0,100.0,,False,MACERACIÓN,5,68.0,35.29411764705882,False,False,-64.70588235294119,-0.6061358035703156
HC3,maceracion,Grupo 3 - H19,1,1.0,30.0,100.0,100.0,False,MACERACIÓN,3,68.0,55.88235294117647,False,False,-44.11764705882353,0.23638877806423053
HC3,maceracion,Grupo 3 - H19,2,1.0,24.0,100.0,0.0,False,MACERACIÓN,4,68.0,64.70588235294117,False,False,-35.294117647058826,0.6061358035703153
HC3,maceracion,Grupo 3 - H19,3,1.0,26.0,100.0,,False,MACERACIÓN,5,68.0,61.76470588235294,False,False,-38.23529411764706,0.47957308026188644
HC3,maceracion,Grupo 3 - H19,1,5.0,0.0,100.0,100.0,False,MACERACIÓN,3,68.0,100.0,True,False,0.0,
HC3,maceracion,Grupo 3 - H19,2,5.0,0.0,100.0,0.0,False,MACERACIÓN,4,68.0,100.0,True,False,0.0,
HC3,maceracion,Grupo 3 - H19,3,5.0,0.0,100.0,,False,MACERACIÓN,5,68.0,100.0,True,False,0.0,
HC5,maceracion,Grupo 1 - H1,1,0.0,46.0,60.869565217391305,65.21739130434783,True,MACERACIÓN,6,46.0,,False,False,,
HC5,maceracion,Grupo 1 - H1,2,0.0,,73.91304347826087,7.530655685082078,True,MACERACIÓN,7,46.0,,False,False,,
HC5,maceracion,Grupo 1 - H1,3,0.0,,60.869565217391305,,True,MACERACIÓN,8,46.0,,False,False,,
HC5,maceracion,Grupo 1 - H1,1,0.2,54.0,60.869565217391305,65.21739130434783,False,MACERACIÓN,6,46.0,0.0,False,True,-60.869565217391305,
HC5,maceracion,Grupo 1 - H1,2,0.2,50.0,73.91304347826087,7.530655685082078,False,MACERACIÓN,7,46.0,0.0,False,True,-73.91304347826087,
HC5,maceracion,Grupo 1 - H1,3,0.2,54.0,60.869565217391305,,False,MACERACIÓN,8,46.0,0.0,False,True,-60.869565217391305,
HC5,maceracion,Grupo 1 - H1,1,1.0,36.0,60.869565217391305,65.21739130434783,False,MACERACIÓN,6,46.0,21.739130434782606,False,False,-39.1304347826087,-1.2809338454620645
HC5,maceracion,Grupo 1 - H1,2,1.0,42.0,73.91304347826087,7.530655685082078,False,MACERACIÓN,7,46.0,8.695652173913048,False,False,-65.21739130434783,-2.351375257163477
HC5,maceracion,Grupo 1 - H1,3,1.0,40.0,60.869565217391305,,False,MACERACIÓN,8,46.0,13.043478260869568,False,False,-47.826086956521735,-1.897119984885881
HC5,maceracion,Grupo 1 - H1,1,5.0,18.0,60.869565217391305,65.21739130434783,False,MACERACIÓN,6,46.0,60.86956521739131,False,False,7.105427357601002e-15,0.4418327522790394
HC5,maceracion,Grupo 1 - H1,2,5.0,12.0,73.91304347826087,7.530655685082078,False,MACERACIÓN,7,46.0,73.91304347826086,False,False,-1.4210854715202004e-14,1.0414538748281608
HC5,maceracion,Grupo 1 - H1,3,5.0,18.0,60.869565217391305,,False,MACERACIÓN,8,46.0,60.86956521739131,False,False,7.105427357601002e-15,0.4418327522790394
HC6,maceracion,Grupo 4 - H28,1,0.0,54.0,70.37037037037037,67.90123456790123,True,MACERACIÓN,9,54.0,,False,False,,
HC6,maceracion,Grupo 4 - H28,2,0.0,,77.77777777777777,11.315001715940358,True,MACERACIÓN,10,54.0,,False,False,,
HC6,maceracion,Grupo 4 - H28,3,0.0,,55.55555555555556,,True,MACERACIÓN,11,54.0,,False,False,,
HC6,maceracion,Grupo 4 - H28,1,0.2,50.0,70.37037037037037,67.90123456790123,False,MACERACIÓN,9,54.0,7.4074074074074066,False,False,-62.96296296296296,-2.5257286443082556
HC6,maceracion,Grupo 4 - H28,2,0.2,50.0,77.77777777777777,11.315001715940358,False,MACERACIÓN,10,54.0,7.4074074074074066,False,False,-70.37037037037037,-2.5257286443082556
HC6,maceracion,Grupo 4 - H28,3,0.2,50.0,55.55555555555556,,False,MACERACIÓN,11,54.0,7.4074074074074066,False,False,-48.14814814814815,-2.5257286443082556
HC6,maceracion,Grupo 4 - H28,1,1.0,44.0,70.37037037037037,67.90123456790123,False,MACERACIÓN,9,54.0,18.518518518518523,False,False,-51.85185185185185,-1.4816045409242151
HC6,maceracion,Grupo 4 - H28,2,1.0,48.0,77.77777777777777,11.315001715940358,False,MACERACIÓN,10,54.0,11.111111111111116,False,False,-66.66666666666666,-2.0794415416798353
HC6,maceracion,Grupo 4 - H28,3,1.0,44.0,55.55555555555556,,False,MACERACIÓN,11,54.0,18.518518518518523,False,False,-37.03703703703704,-1.4816045409242151
HC6,maceracion,Grupo 4 - H28,1,5.0,16.0,70.37037037037037,67.90123456790123,False,MACERACIÓN,9,54.0,70.37037037037037,False,False,0.0,0.8649974374866045
HC6,maceracion,Grupo 4 - H28,2,5.0,12.0,77.77777777777777,11.315001715940358,False,MACERACIÓN,10,54.0,77.77777777777779,False,False,1.4210854715202004e-14,1.2527629684953687
HC6,maceracion,Grupo 4 - H28,3,5.0,24.0,55.55555555555556,,False,MACERACIÓN,11,54.0,55.55555555555556,False,False,0.0,0.22314355131420993
HC9,maceracion,Grupo 4 - H20,1,0.0,64.0,100.0,100.0,True,MACERACIÓN,12,64.0,,False,False,,
HC9,maceracion,Grupo 4 - H20,2,0.0,,100.0,0.0,True,MACERACIÓN,13,64.0,,False,False,,
HC9,maceracion,Grupo 4 - H20,3,0.0,,100.0,,True,MACERACIÓN,14,64.0,,False,False,,
HC9,maceracion,Grupo 4 - H20,1,0.2,,100.0,100.0,False,MACERACIÓN,12,64.0,,False,False,,
HC9,maceracion,Grupo 4 - H20,2,0.2,,100.0,0.0,False,MACERACIÓN,13,64.0,,False,False,,
HC9,maceracion,Grupo 4 - H20,3,0.2,,100.0,,False,MACERACIÓN,14,64.0,,False,False,,
HC9,maceracion,Grupo 4 - H20,1,1.0,,100.0,100.0,False,MACERACIÓN,12,64.0,,False,False,,
HC9,maceracion,Grupo 4 - H20,2,1.0,,100.0,0.0,False,MACERACIÓN,13,64.0,,False,False,,
HC9,maceracion,Grupo 4 - H20,3,1.0,,100.0,,False,MACERACIÓN,14,64.0,,False,False,,
HC9,maceracion,Grupo 4 - H20,1,5.0,0.0,100.0,100.0,False,MACERACIÓN,12,64.0,100.0,True,False,0.0,
HC9,maceracion,Grupo 4 - H20,2,5.0,0.0,100.0,0.0,False,MACERACIÓN,13,64.0,100.0,True,False,0.0,
HC9,maceracion,Grupo 4 - H20,3,5.0,0.0,100.0,,False,MACERACIÓN,14,64.0,100.0,True,False,0.0,
FU1,soxhlet,Grupo 2 - H17,1,0.0,64.0,46.875,56.25,True,SOXHLET,84,64.0,,False,False,,
FU1,soxhlet,Grupo 2 - H17,2,0.0,,53.125,11.267347735824966,True,SOXHLET,85,64.0,,False,False,,
FU1,soxhlet,Grupo 2 - H17,3,0.0,,68.75,,True,SOXHLET,86,64.0,,False,False,,
FU1,soxhlet,Grupo 2 - H17,1,5.0,34.0,46.875,56.25,False,SOXHLET,84,64.0,46.875,False,False,0.0,-0.12516314295400605
FU1,soxhlet,Grupo 2 - H17,2,5.0,30.0,53.125,11.267347735824966,False,SOXHLET,85,64.0,53.125,False,False,0.0,0.125163142954006
FU1,soxhlet,Grupo 2 - H17,3,5.0,20.0,68.75,,False,SOXHLET,86,64.0,68.75,False,False,0.0,0.7884573603642703
FU2 (UCMU21),soxhlet,Grupo 3 - H25,1,0.0,64.0,68.75,69.79166666666667,True,SOXHLET,87,64.0,,False,False,,
FU2 (UCMU21),soxhlet,Grupo 3 - H25,2,0.0,,68.75,1.8042195912175805,True,SOXHLET,88,64.0,,False,False,,
FU2 (UCMU21),soxhlet,Grupo 3 - H25,3,0.0,,71.875,,True,SOXHLET,89,64.0,,False,False,,
FU2 (UCMU21),soxhlet,Grupo 3 - H25,1,5.0,20.0,68.75,69.79166666666667,False,SOXHLET,87,64.0,68.75,False,False,0.0,0.7884573603642703
FU2 (UCMU21),soxhlet,Grupo 3 - H25,2,5.0,20.0,68.75,1.8042195912175805,False,SOXHLET,88,64.0,68.75,False,False,0.0,0.7884573603642703
FU2 (UCMU21),soxhlet,Grupo 3 - H25,3,5.0,18.0,71.875,,False,SOXHLET,89,64.0,71.875,False,False,0.0,0.9382696385929302
FUSARIUM JULIAN H20,soxhlet,Grupo 2 - H18,1,0.0,68.0,70.58823529411765,70.58823529411765,True,SOXHLET,90,68.0,,False,False,,
FUSARIUM JULIAN H20,soxhlet,Grupo 2 - H18,2,0.0,,70.58823529411765,0.0,True,SOXHLET,91,68.0,,False,False,,
FUSARIUM JULIAN H20,soxhlet,Grupo 2 - H18,3,0.0,,70.58823529411765,,True,SOXHLET,92,68.0,,False,False,,
FUSARIUM JULIAN H20,soxhlet,Grupo 2 - H18,1,5.0,20.0,70.58823529411765,70.58823529411765,False,SOXHLET,90,68.0,70.58823529411764,False,False,-1.4210854715202004e-14,0.8754687373538997
FUSARIUM JULIAN H20,soxhlet,Grupo 2 - H18,2,5.0,20.0,70.58823529411765,0.0,False,SOXHLET,91,68.0,70.58823529411764,False,False,-1.4210854715202004e-14,0.8754687373538997
FUSARIUM JULIAN H20,soxhlet,Grupo 2 - H18,3,5.0,20.0,70.58823529411765,,False,SOXHLET,92,68.0,70.58823529411764,False,False,-1.4210854715202004e-14,0.8754687373538997
FUSARIUM MARCE 1.2,soxhlet,Grupo 3 - H27,1,0.0,60.0,66.66666666666667,63.333333333333336,True,SOXHLET,93,60.0,,False,False,,
FUSARIUM MARCE 1.2,soxhlet,Grupo 3 - H27,2,0.0,,56.66666666666666,5.773502691896262,True,SOXHLET,94,60.0,,False,False,,
FUSARIUM MARCE 1.2,soxhlet,Grupo 3 - H27,3,0.0,,66.66666666666667,,True,SOXHLET,95,60.0,,False,False,,
FUSARIUM MARCE 1.2,soxhlet,Grupo 3 - H27,1,5.0,20.0,66.66666666666667,63.333333333333336,False,SOXHLET,93,60.0,66.66666666666667,False,False,0.0,0.6931471805599457
FUSARIUM MARCE 1.2,soxhlet,Grupo 3 - H27,2,5.0,26.0,56.66666666666666,5.773502691896262,False,SOXHLET,94,60.0,56.666666666666664,False,False,7.105427357601002e-15,0.26826398659467937
FUSARIUM MARCE 1.2,soxhlet,Grupo 3 - H27,3,5.0,20.0,66.66666666666667,,False,SOXHLET,95,60.0,66.66666666666667,False,False,0.0,0.6931471805599457
H11G,soxhlet,Grupo 4 - H33,1,0.0,26.0,53.84615384615385,55.12820512820513,True,SOXHLET,57,26.0,,False,False,,
H11G,soxhlet,Grupo 4 - H33,2,0.0,,53.84615384615385,2.2205779584216376,True,SOXHLET,58,26.0,,False,False,,
H11G,soxhlet,Grupo 4 - H33,3,0.0,,57.69230769230769,,True,SOXHLET,59,26.0,,False,False,,
H11G,soxhlet,Grupo 4 - H33,1,5.0,12.0,53.84615384615385,55.12820512820513,False,SOXHLET,57,26.0,53.84615384615385,False,False,0.0,0.15415067982725816
H11G,soxhlet,Grupo 4 - H33,2,5.0,12.0,53.84615384615385,2.2205779584216376,False,SOXHLET,58,26.0,53.84615384615385,False,False,0.0,0.15415067982725816
H11G,soxhlet,Grupo 4 - H33,3,5.0,11.0,57.69230769230769,,False,SOXHLET,59,26.0,57.692307692307686,False,False,-7.105427357601002e-15,0.3101549283038393
H1N,soxhlet,Grupo 2 - H10,1,0.0,50.0,44.0,52.0,True,SOXHLET,60,50.0,,False,False,,
H1N,soxhlet,Grupo 2 - H10,2,0.0,,68.0,13.856406460551018,True,SOXHLET,61,50.0,,False,False,,
H1N,soxhlet,Grupo 2 - H10,3,0.0,,44.0,,True,SOXHLET,62,50.0,,False,False,,
H1N,soxhlet,Grupo 2 - H10,1,5.0,28.0,44.0,52.0,False,SOXHLET,60,50.0,43.99999999999999,False,False,-7.105427357601002e-15,-0.24116205681688824
H1N,soxhlet,Grupo 2 - H10,2,5.0,16.0,68.0,13.856406460551018,False,SOXHLET,61,50.0,68.0,False,False,0.0,0.7537718023763803
H1N,soxhlet,Grupo 2 - H10,3,5.0,28.0,44.0,,False,SOXHLET,62,50.0,43.99999999999999,False,False,-7.105427357601002e-15,-0.24116205681688824
H2N,soxhlet,Grupo 2 - H11,1,0.0,54.0,51.851851851851855,60.49382716049382,True,SOXHLET,63,54.0,,False,False,,
H2N,soxhlet,Grupo 2 - H11,2,0.0,,77.77777777777777,14.968340312323678,True,SOXHLET,64,54.0,,False,False,,
H2N,soxhlet,Grupo 2 - H11,3,0.0,,51.851851851851855,,True,SOXHLET,65,54.0,,False,False,,
H2N,soxhlet,Grupo 2 - H11,1,5.0,26.0,51.851851851851855,60.49382716049382,False,SOXHLET,63,54.0,51.85185185185186,False,False,7.105427357601002e-15,0.07410797215372224
H2N,soxhlet,Grupo 2 - H11,2,5.0,12.0,77.77777777777777,14.968340312323678,False,SOXHLET,64,54.0,77.77777777777779,False,False,1.4210854715202004e-14,1.2527629684953687
H2N,soxhlet,Grupo 2 - H11,3,5.0,26.0,51.851851851851855,,False,SOXHLET,65,54.0,51.85185185185186,False,False,7.105427357601002e-15,0.07410797215372224
H3N,soxhlet,Grupo 2 - H12,1,0.0,50.0,52.0,58.66666666666666,True,SOXHLET,66,50.0,,False,False,,
H3N,soxhlet,Grupo 2 - H12,2,0.0,,76.0,15.14375558880072,True,SOXHLET,67,50.0,,False,False,,
H3N,soxhlet,Grupo 2 - H12,3,0.0,,48.0,,True,SOXHLET,68,50.0,,False,False,,
H3N,soxhlet,Grupo 2 - H12,1,5.0,24.0,52.0,58.66666666666666,False,SOXHLET,66,50.0,52.0,False,False,0.0,0.08004270767353656
H3N,soxhlet,Grupo 2 - H12,2,5.0,12.0,76.0,15.14375558880072,False,SOXHLET,67,50.0,76.0,False,False,0.0,1.1526795099383855
H3N,soxhlet,Grupo 2 - H12,3,5.0,26.0,48.0,,False,SOXHLET,68,50.0,48.0,False,False,0.0,-0.0800427076735365
H4B,soxhlet,Grupo 4 - H29,1,0.0,68.0,70.58823529411765,74.50980392156863,True,SOXHLET,45,68.0,,False,False,,
H4B,soxhlet,Grupo 4 - H29,2,0.0,,73.52941176470588,4.492721269564544,True,SOXHLET,46,68.0,,False,False,,
H4B,soxhlet,Grupo 4 - H29,3,0.0,,79.41176470588235,,True,SOXHLET,47,68.0,,False,False,,
H4B,soxhlet,Grupo 4 - H29,1,5.0,20.0,70.58823529411765,74.50980392156863,False,SOXHLET,45,68.0,70.58823529411764,False,False,-1.4210854715202004e-14,0.8754687373538997
H4B,soxhlet,Grupo 4 - H29,2,5.0,18.0,73.52941176470588,4.492721269564544,False,SOXHLET,46,68.0,73.52941176470588,False,False,0.0,1.0216512475319817
H4B,soxhlet,Grupo 4 - H29,3,5.0,14.0,79.41176470588235,,False,SOXHLET,47,68.0,79.41176470588236,False,False,1.4210854715202004e-14,1.3499267169490161
H4G,soxhlet,Grupo 4 - H31,1,0.0,54.0,74.07407407407408,66.66666666666667,True,SOXHLET,51,54.0,,False,False,,
H4G,soxhlet,Grupo 4 - H31,2,0.0,,62.96296296296296,6.415002990995844,True,SOXHLET,52,54.0,,False,False,,
H4G,soxhlet,Grupo 4 - H31,3,0.0,,62.96296296296296,,True,SOXHLET,53,54.0,,False,False,,
H4G,soxhlet,Grupo 4 - H31,1,5.0,14.0,74.07407407407408,66.66666666666667,False,SOXHLET,51,54.0,74.07407407407408,False,False,0.0,1.049822124498678
H4G,soxhlet,Grupo 4 - H31,2,5.0,20.0,62.96296296296296,6.415002990995844,False,SOXHLET,52,54.0,62.96296296296296,False,False,0.0,0.5306282510621705
H4G,soxhlet,Grupo 4 - H31,3,5.0,20.0,62.96296296296296,,False,SOXHLET,53,54.0,62.96296296296296,False,False,0.0,0.5306282510621705
H4N,soxhlet,Grupo 2 - H13,1,0.0,58.0,62.06896551724138,65.51724137931033,True,SOXHLET,69,58.0,,False,False,,
H4N,soxhlet,Grupo 2 - H13,2,0.0,,75.86206896551724,9.123280382981395,True,SOXHLET,70,58.0,,False,False,,
H4N,soxhlet,Grupo 2 - H13,3,0.0,,58.62068965517241,,True,SOXHLET,71,58.0,,False,False,,
H4N,soxhlet,Grupo 2 - H13,1,5.0,22.0,62.06896551724138,65.51724137931033,False,SOXHLET,69,58.0,62.06896551724138,False,False,0.0,0.49247648509779424
H4N,soxhlet,Grupo 2 - H13,2,5.0,14.0,75.86206896551724,9.123280382981395,False,SOXHLET,70,58.0,75.86206896551724,False,False,0.0,1.1451323043030024
H4N,soxhlet,Grupo 2 - H13,3,5.0,24.0,58.62068965517241,,False,SOXHLET,71,58.0,58.62068965517242,False,False,7.105427357601002e-15,0.348306694268216
H5N,soxhlet,Grupo 2 - H14,1,0.0,60.0,56.66666666666666,62.22222222222222,True,SOXHLET,72,60.0,,False,False,,
H5N,soxhlet,Grupo 2 - H14,2,0.0,,73.33333333333333,9.622504486493836,True,SOXHLET,73,60.0,,False,False,,
H5N,soxhlet,Grupo 2 - H14,3,0.0,,56.66666666666666,,True,SOXHLET,74,60.0,,False,False,,
H5N,soxhlet,Grupo 2 - H14,1,5.0,26.0,56.66666666666666,62.22222222222222,False,SOXHLET,72,60.0,56.666666666666664,False,False,7.105427357601002e-15,0.26826398659467937
H5N,soxhlet,Grupo 2 - H14,2,5.0,16.0,73.33333333333333,9.622504486493836,False,SOXHLET,73,60.0,73.33333333333334,False,False,1.4210854715202004e-14,1.0116009116784803
H5N,soxhlet,Grupo 2 - H14,3,5.0,26.0,56.66666666666666,,False,SOXHLET,74,60.0,56.666666666666664,False,False,7.105427357601002e-15,0.26826398659467937
H6B,soxhlet,Grupo 4 - H30,1,0.0,65.0,78.46153846153847,76.41025641025642,True,SOXHLET,48,65.0,,False,False,,
H6B,soxhlet,Grupo 4 - H30,2,0.0,,75.38461538461539,1.776462366737312,True,SOXHLET,49,65.0,,False,False,,
H6B,soxhlet,Grupo 4 - H30,3,0.0,,75.38461538461539,,True,SOXHLET,50,65.0,,False,False,,
H6B,soxhlet,Grupo 4 - H30,1,5.0,14.0,78.46153846153847,76.41025641025642,False,SOXHLET,48,65.0,78.46153846153847,False,False,0.0,1.2927683031090678
H6B,soxhlet,Grupo 4 - H30,2,5.0,16.0,75.38461538461539,1.776462366737312,False,SOXHLET,49,65.0,75.38461538461539,False,False,0.0,1.1192315758708453
H6B,soxhlet,Grupo 4 - H30,3,5.0,16.0,75.38461538461539,,False,SOXHLET,50,65.0,75.38461538461539,False,False,0.0,1.1192315758708453
H6N,soxhlet,Grupo 2 - H15,1,0.0,50.0,40.0,52.0,True,SOXHLET,75,50.0,,False,False,,
H6N,soxhlet,Grupo 2 - H15,2,0.0,,68.0,14.422205101855956,True,SOXHLET,76,50.0,,False,False,,
H6N,soxhlet,Grupo 2 - H15,3,0.0,,48.0,,True,SOXHLET,77,50.0,,False,False,,
H6N,soxhlet,Grupo 2 - H15,1,5.0,30.0,40.0,52.0,False,SOXHLET,75,50.0,40.0,False,False,0.0,-0.4054651081081643
H6N,soxhlet,Grupo 2 - H15,2,5.0,16.0,68.0,14.422205101855956,False,SOXHLET,76,50.0,68.0,False,False,0.0,0.7537718023763803
H6N,soxhlet,Grupo 2 - H15,3,5.0,26.0,48.0,,False,SOXHLET,77,50.0,48.0,False,False,0.0,-0.0800427076735365
H8G,soxhlet,Grupo 4 - H32,1,0.0,30.0,33.333333333333336,47.77777777777778,True,SOXHLET,54,30.0,,False,False,,
H8G,soxhlet,Grupo 4 - H32,2,0.0,,46.66666666666666,15.030832509409622,True,SOXHLET,55,30.0,,False,False,,
H8G,soxhlet,Grupo 4 - H32,3,0.0,,63.333333333333336,,True,SOXHLET,56,30.0,,False,False,,
H8G,soxhlet,Grupo 4 - H32,1,5.0,20.0,33.333333333333336,47.77777777777778,False,SOXHLET,54,30.0,33.333333333333336,False,False,0.0,-0.6931471805599451
H8G,soxhlet,Grupo 4 - H32,2,5.0,16.0,46.66666666666666,15.030832509409622,False,SOXHLET,55,30.0,46.666666666666664,False,False,7.105427357601002e-15,-0.13353139262452288
H8G,soxhlet,Grupo 4 - H32,3,5.0,11.0,63.333333333333336,,False,SOXHLET,56,30.0,63.33333333333333,False,False,-7.105427357601002e-15,0.5465437063680698
H8N,soxhlet,Grupo 3 - H24,1,0.0,74.0,70.27027027027027,74.77477477477477,True,SOXHLET,78,74.0,,False,False,,
H8N,soxhlet,Grupo 3 - H24,2,0.0,,72.97297297297297,5.626124322881439,True,SOXHLET,79,74.0,,False,False,,
H8N,soxhlet,Grupo 3 - H24,3,0.0,,81.08108108108108,,True,SOXHLET,80,74.0,,False,False,,
H8N,soxhlet,Grupo 3 - H24,1,5.0,22.0,70.27027027027027,74.77477477477477,False,SOXHLET,78,74.0,70.27027027027026,False,False,-1.4210854715202004e-14,0.8602012652231111
H8N,soxhlet,Grupo 3 - H24,2,5.0,20.0,72.97297297297297,5.626124322881439,False,SOXHLET,79,74.0,72.97297297297297,False,False,0.0,0.9932517730102833
H8N,soxhlet,Grupo 3 - H24,3,5.0,14.0,81.08108108108108,,False,SOXHLET,80,74.0,81.08108108108108,False,False,0.0,1.4552872326068425
H9N,soxhlet,Grupo 2 - H16,1,0.0,70.0,57.142857142857146,67.61904761904762,True,SOXHLET,81,70.0,,False,False,,
H9N,soxhlet,Grupo 2 - H16,2,0.0,,68.57142857142857,10.03395595509784,True,SOXHLET,82,70.0,,False,False,,
H9N,soxhlet,Grupo 2 - H16,3,0.0,,77.14285714285714,,True,SOXHLET,83,70.0,,False,False,,
H9N,soxhlet,Grupo 2 - H16,1,5.0,30.0,57.142857142857146,67.61904761904762,False,SOXHLET,81,70.0,57.14285714285714,False,False,-7.105427357601002e-15,0.28768207245178085
H9N,soxhlet,Grupo 2 - H16,2,5.0,22.0,68.57142857142857,10.03395595509784,False,SOXHLET,82,70.0,68.57142857142857,False,False,0.0,0.7801585575495752
H9N,soxhlet,Grupo 2 - H16,3,5.0,16.0,77.14285714285714,,False,SOXHLET,83,70.0,77.14285714285715,False,False,1.4210854715202004e-14,1.216395324324494
HC10,soxhlet,Grupo 1 - H2,1,0.0,60.0,40.0,51.11111111111112,True,SOXHLET,15,60.0,,False,False,,
HC10,soxhlet,Grupo 1 - H2,2,0.0,,66.66666666666667,13.877773329774218,True,SOXHLET,16,60.0,,False,False,,
HC10,soxhlet,Grupo 1 - H2,3,0.0,,46.66666666666666,,True,SOXHLET,17,60.0,,False,False,,
HC10,soxhlet,Grupo 1 - H2,1,5.0,36.0,40.0,51.11111111111112,False,SOXHLET,15,60.0,40.0,False,False,0.0,-0.4054651081081643
HC10,soxhlet,Grupo 1 - H2,2,5.0,20.0,66.66666666666667,13.877773329774218,False,SOXHLET,16,60.0,66.66666666666667,False,False,0.0,0.6931471805599457
HC10,soxhlet,Grupo 1 - H2,3,5.0,32.0,46.66666666666666,,False,SOXHLET,17,60.0,46.666666666666664,False,False,7.105427357601002e-15,-0.13353139262452288
HC15,soxhlet,Grupo 1 - H3,1,0.0,60.0,46.66666666666666,53.333333333333336,True,SOXHLET,18,60.0,,False,False,,
HC15,soxhlet,Grupo 1 - H3,2,0.0,,66.66666666666667,11.547005383792502,True,SOXHLET,19,60.0,,False,False,,
HC15,soxhlet,Grupo 1 - H3,3,0.0,,46.66666666666666,,True,SOXHLET,20,60.0,,False,False,,
HC15,soxhlet,Grupo 1 - H3,1,5.0,32.0,46.66666666666666,53.333333333333336,False,SOXHLET,18,60.0,46.666666666666664,False,False,7.105427357601002e-15,-0.13353139262452288
HC15,soxhlet,Grupo 1 - H3,2,5.0,20.0,66.66666666666667,11.547005383792502,False,SOXHLET,19,60.0,66.66666666666667,False,False,0.0,0.6931471805599457
HC15,soxhlet,Grupo 1 - H3,3,5.0,32.0,46.66666666666666,,False,SOXHLET,20,60.0,46.666666666666664,False,False,7.105427357601002e-15,-0.13353139262452288
HC16,soxhlet,Grupo 1 - H4,1,0.0,58.0,65.51724137931035,58.620689655172406,True,SOXHLET,21,58.0,,False,False,,
HC16,soxhlet,Grupo 1 - H4,2,0.0,,72.41379310344827,18.24656076596274,True,SOXHLET,22,58.0,,False,False,,
HC16,soxhlet,Grupo 1 - H4,3,0.0,,37.93103448275862,,True,SOXHLET,23,58.0,,False,False,,
HC16,soxhlet,Grupo 1 - H4,1,5.0,20.0,65.51724137931035,58.620689655172406,False,SOXHLET,21,58.0,65.51724137931035,False,False,0.0,0.6418538861723952
HC16,soxhlet,Grupo 1 - H4,2,5.0,16.0,72.41379310344827,18.24656076596274,False,SOXHLET,22,58.0,72.41379310344827,False,False,0.0,0.9650808960435866
HC16,soxhlet,Grupo 1 - H4,3,5.0,36.0,37.93103448275862,,False,SOXHLET,23,58.0,37.93103448275862,False,False,0.0,-0.49247648509779424
HC17,soxhlet,Grupo 3 - H21,1,0.0,75.0,54.66666666666666,59.11111111111111,True,SOXHLET,24,75.0,,False,False,,
HC17,soxhlet,Grupo 3 - H21,2,0.0,,54.66666666666666,7.698003589195061,True,SOXHLET,25,75.0,,False,False,,
HC17,soxhlet,Grupo 3 - H21,3,0.0,,68.0,,True,SOXHLET,26,75.0,,False,False,,
HC17,soxhlet,Grupo 3 - H21,1,5.0,34.0,54.66666666666666,59.11111111111111,False,SOXHLET,24,75.0,54.666666666666664,False,False,7.105427357601002e-15,0.18721154208814636
HC17,soxhlet,Grupo 3 - H21,2,5.0,34.0,54.66666666666666,7.698003589195061,False,SOXHLET,25,75.0,54.666666666666664,False,False,7.105427357601002e-15,0.18721154208814636
HC17,soxhlet,Grupo 3 - H21,3,5.0,24.0,68.0,,False,SOXHLET,26,75.0,68.0,False,False,0.0,0.7537718023763803
HC19,soxhlet,Grupo 1 - H5,1,0.0,46.0,39.130434782608695,36.23188405797101,True,SOXHLET,27,46.0,,False,False,,
HC19,soxhlet,Grupo 1 - H5,2,0.0,,56.52173913043478,21.883578073248565,True,SOXHLET,28,46.0,,False,False,,
HC19,soxhlet,Grupo 1 - H5,3,0.0,,13.043478260869565,,True,SOXHLET,29,46.0,,False,False,,
HC19,soxhlet,Grupo 1 - H5,1,5.0,28.0,39.130434782608695,36.23188405797101,False,SOXHLET,27,46.0,39.13043478260869,False,False,-7.105427357601002e-15,-0.4418327522790395
HC19,soxhlet,Grupo 1 - H5,2,5.0,20.0,56.52173913043478,21.883578073248565,False,SOXHLET,28,46.0,56.52173913043479,False,False,7.105427357601002e-15,0.2623642644674913
HC19,soxhlet,Grupo 1 - H5,3,5.0,40.0,13.043478260869565,,False,SOXHLET,29,46.0,13.043478260869568,False,False,3.552713678800501e-15,-1.897119984885881
HC20,soxhlet,Grupo 1 - H6,1,0.0,46.0,47.82608695652174,44.92753623188406,True,SOXHLET,30,46.0,,False,False,,
HC20,soxhlet,Grupo 1 - H6,2,0.0,,56.52173913043478,13.282828101321272,True,SOXHLET,31,46.0,,False,False,,
HC20,soxhlet,Grupo 1 - H6,3,0.0,,30.43478260869565,,True,SOXHLET,32,46.0,,False,False,,
HC20,soxhlet,Grupo 1 - H6,1,5.0,24.0,47.82608695652174,44.92753623188406,False,SOXHLET,30,46.0,47.82608695652174,False,False,0.0,-0.08701137698962969
HC20,soxhlet,Grupo 1 - H6,2,5.0,20.0,56.52173913043478,13.282828101321272,False,SOXHLET,31,46.0,56.52173913043479,False,False,7.105427357601002e-15,0.2623642644674913
HC20,soxhlet,Grupo 1 - H6,3,5.0,32.0,30.43478260869565,,False,SOXHLET,32,46.0,30.434782608695656,False,False,7.105427357601002e-15,-0.8266785731844678
HC23,soxhlet,Grupo 1 - H7,1,0.0,58.0,55.172413793103445,58.62068965517241,True,SOXHLET,33,58.0,,False,False,,
HC23,soxhlet,Grupo 1 - H7,2,0.0,,65.51724137931035,5.972588991616822,True,SOXHLET,34,58.0,,False,False,,
HC23,soxhlet,Grupo 1 - H7,3,0.0,,55.172413793103445,,True,SOXHLET,35,58.0,,False,False,,
HC23,soxhlet,Grupo 1 - H7,1,5.0,26.0,55.172413793103445,58.62068965517241,False,SOXHLET,33,58.0,55.172413793103445,False,False,0.0,0.20763936477824455
HC23,soxhlet,Grupo 1 - H7,2,5.0,20.0,65.51724137931035,5.972588991616822,False,SOXHLET,34,58.0,65.51724137931035,False,False,0.0,0.6418538861723952
HC23,soxhlet,Grupo 1 - H7,3,5.0,26.0,55.172413793103445,,False,SOXHLET,35,58.0,55.172413793103445,False,False,0.0,0.20763936477824455
HC26,soxhlet,Grupo 3 - H22,1,0.0,57.0,64.91228070175438,62.57309941520467,True,SOXHLET,36,57.0,,False,False,,
HC26,soxhlet,Grupo 3 - H22,2,0.0,,64.91228070175438,4.0515808364184265,True,SOXHLET,37,57.0,,False,False,,
HC26,soxhlet,Grupo 3 - H22,3,0.0,,57.89473684210526,,True,SOXHLET,38,57.0,,False,False,,
HC26,soxhlet,Grupo 3 - H22,1,5.0,20.0,64.91228070175438,62.57309941520467,False,SOXHLET,36,57.0,64.91228070175438,False,False,0.0,0.6151856390902335
HC26,soxhlet,Grupo 3 - H22,2,5.0,20.0,64.91228070175438,4.0515808364184265,False,SOXHLET,37,57.0,64.91228070175438,False,False,0.0,0.6151856390902335
HC26,soxhlet,Grupo 3 - H22,3,5.0,24.0,57.89473684210526,,False,SOXHLET,38,57.0,57.89473684210527,False,False,7.105427357601002e-15,0.31845373111853476
HC27,soxhlet,Grupo 1 - H8,1,0.0,50.0,40.0,48.0,True,SOXHLET,39,50.0,,False,False,,
HC27,soxhlet,Grupo 1 - H8,2,0.0,,60.0,10.583005244258365,True,SOXHLET,40,50.0,,False,False,,
HC27,soxhlet,Grupo 1 - H8,3,0.0,,44.0,,True,SOXHLET,41,50.0,,False,False,,
HC27,soxhlet,Grupo 1 - H8,1,5.0,30.0,40.0,48.0,False,SOXHLET,39,50.0,40.0,False,False,0.0,-0.4054651081081643
HC27,soxhlet,Grupo 1 - H8,2,5.0,20.0,60.0,10.583005244258365,False,SOXHLET,40,50.0,60.0,False,False,0.0,0.4054651081081642
HC27,soxhlet,Grupo 1 - H8,3,5.0,28.0,44.0,,False,SOXHLET,41,50.0,43.99999999999999,False,False,-7.105427357601002e-15,-0.24116205681688824
HC28,soxhlet,Grupo 1 - H9,1,0.0,50.0,60.0,61.333333333333336,True,SOXHLET,42,50.0,,False,False,,
HC28,soxhlet,Grupo 1 - H9,2,0.0,,72.0,10.066445913694318,True,SOXHLET,43,50.0,,False,False,,
HC28,soxhlet,Grupo 1 - H9,3,0.0,,52.0,,True,SOXHLET,44,50.0,,False,False,,
HC28,soxhlet,Grupo 1 - H9,1,5.0,20.0,60.0,61.333333333333336,False,SOXHLET,42,50.0,60.0,False,False,0.0,0.4054651081081642
HC28,soxhlet,Grupo 1 - H9,2,5.0,14.0,72.0,10.066445913694318,False,SOXHLET,43,50.0,72.0,False,False,0.0,0.9444616088408513
HC28,soxhlet,Grupo 1 - H9,3,5.0,24.0,52.0,,False,SOXHLET,44,50.0,52.0,False,False,0.0,0.08004270767353656
HC3,soxhlet,Grupo 3 - H19,1,0.0,68.0,55.88235294117647,65.68627450980392,True,SOXHLET,3,68.0,,False,False,,
HC3,soxhlet,Grupo 3 - H19,2,0.0,,67.6470588235294,8.985442539129052,True,SOXHLET,4,68.0,,False,False,,
HC3,soxhlet,Grupo 3 - H19,3,0.0,,73.52941176470588,,True,SOXHLET,5,68.0,,False,False,,
HC3,soxhlet,Grupo 3 - H19,1,5.0,30.0,55.88235294117647,65.68627450980392,False,SOXHLET,3,68.0,55.88235294117647,False,False,0.0,0.23638877806423053
HC3,soxhlet,Grupo 3 - H19,2,5.0,22.0,67.6470588235294,8.985442539129052,False,SOXHLET,4,68.0,67.64705882352942,False,False,1.4210854715202004e-14,0.7375989431307793
HC3,soxhlet,Grupo 3 - H19,3,5.0,18.0,73.52941176470588,,False,SOXHLET,5,68.0,73.52941176470588,False,False,0.0,1.0216512475319817
HC5,soxhlet,Grupo 1 - H1,1,0.0,46.0,60.869565217391305,55.072463768115945,True,SOXHLET,6,46.0,,False,False,,
HC5,soxhlet,Grupo 1 - H1,2,0.0,,56.52173913043478,6.641414050660636,True,SOXHLET,7,46.0,,False,False,,
HC5,soxhlet,Grupo 1 - H1,3,0.0,,47.82608695652174,,True,SOXHLET,8,46.0,,False,False,,
HC5,soxhlet,Grupo 1 - H1,1,5.0,18.0,60.869565217391305,55.072463768115945,False,SOXHLET,6,46.0,60.86956521739131,False,False,7.105427357601002e-15,0.4418327522790394
HC5,soxhlet,Grupo 1 - H1,2,5.0,20.0,56.52173913043478,6.641414050660636,False,SOXHLET,7,46.0,56.52173913043479,False,False,7.105427357601002e-15,0.2623642644674913
HC5,soxhlet,Grupo 1 - H1,3,5.0,24.0,47.82608695652174,,False,SOXHLET,8,46.0,47.82608695652174,False,False,0.0,-0.08701137698962969
HC6,soxhlet,Grupo 4 - H28,1,0.0,54.0,33.333333333333336,38.27160493827161,True,SOXHLET,9,54.0,,False,False,,
HC6,soxhlet,Grupo 4 - H28,2,0.0,,37.03703703703704,5.657500857970139,True,SOXHLET,10,54.0,,False,False,,
HC6,soxhlet,Grupo 4 - H28,3,0.0,,44.44444444444444,,True,SOXHLET,11,54.0,,False,False,,
HC6,soxhlet,Grupo 4 - H28,1,5.0,36.0,33.333333333333336,38.27160493827161,False,SOXHLET,9,54.0,33.333333333333336,False,False,0.0,-0.6931471805599451
HC6,soxhlet,Grupo 4 - H28,2,5.0,34.0,37.03703703703704,5.657500857970139,False,SOXHLET,10,54.0,37.03703703703704,False,False,0.0,-0.5306282510621702
HC6,soxhlet,Grupo 4 - H28,3,5.0,30.0,44.44444444444444,,False,SOXHLET,11,54.0,44.44444444444444,False,False,0.0,-0.22314355131420985
HC9,soxhlet,Grupo 3 - H20,1,0.0,64.0,76.5625,80.72916666666667,True,SOXHLET,12,64.0,,False,False,,
HC9,soxhlet,Grupo 3 - H20,2,0.0,,84.375,3.932205435036849,True,SOXHLET,13,64.0,,False,False,,
HC9,soxhlet,Grupo 3 - H20,3,0.0,,81.25,,True,SOXHLET,14,64.0,,False,False,,
HC9,soxhlet,Grupo 3 - H20,1,5.0,15.0,76.5625,80.72916666666667,False,SOXHLET,12,64.0,76.5625,False,False,0.0,1.1837700970084166
HC9,soxhlet,Grupo 3 - H20,2,5.0,10.0,84.375,3.932205435036849,False,SOXHLET,13,64.0,84.375,False,False,0.0,1.6863989535702288
HC9,soxhlet,Grupo 3 - H20,3,5.0,12.0,81.25,,False,SOXHLET,14,64.0,81.25,False,False,0.0,1.466337068793427
FU1,ultrasonido,Grupo 2 - H17,1,0.0,64.0,45.3125,50.0,True,ULTRASONIDO,84,64.0,,False,False,,
FU1,ultrasonido,Grupo 2 - H17,2,0.0,,62.5,10.9375,True,ULTRASONIDO,85,64.0,,False,False,,
FU1,ultrasonido,Grupo 2 - H17,3,0.0,,42.1875,,True,ULTRASONIDO,86,64.0,,False,False,,
FU1,ultrasonido,Grupo 2 - H17,1,5.0,35.0,45.3125,50.0,False,ULTRASONIDO,84,64.0,45.3125,False,False,0.0,-0.1880522315029396
FU1,ultrasonido,Grupo 2 - H17,2,5.0,24.0,62.5,10.9375,False,ULTRASONIDO,85,64.0,62.5,False,False,0.0,0.5108256237659907
FU1,ultrasonido,Grupo 2 - H17,3,5.0,37.0,42.1875,,False,ULTRASONIDO,86,64.0,42.1875,False,False,0.0,-0.3150810466398954
FU2 (UCMU21),ultrasonido,Grupo 3 - H25,1,0.0,64.0,42.1875,43.22916666666666,True,ULTRASONIDO,87,64.0,,False,False,,
FU2 (UCMU21),ultrasonido,Grupo 3 - H25,2,0.0,,43.75,0.9021097956087902,True,ULTRASONIDO,88,64.0,,False,False,,
FU2 (UCMU21),ultrasonido,Grupo 3 - H25,3,0.0,,43.75,,True,ULTRASONIDO,89,64.0,,False,False,,
FU2 (UCMU21),ultrasonido,Grupo 3 - H25,1,5.0,37.0,42.1875,43.22916666666666,False,ULTRASONIDO,87,64.0,42.1875,False,False,0.0,-0.3150810466398954
FU2 (UCMU21),ultrasonido,Grupo 3 - H25,2,5.0,36.0,43.75,0.9021097956087902,False,ULTRASONIDO,88,64.0,43.75,False,False,0.0,-0.25131442828090605
FU2 (UCMU21),ultrasonido,Grupo 3 - H25,3,5.0,36.0,43.75,,False,ULTRASONIDO,89,64.0,43.75,False,False,0.0,-0.25131442828090605
FUSARIUM JULIAN H20,ultrasonido,Grupo 2 - H18,1,0.0,68.0,58.8235294117647,69.11764705882354,True,ULTRASONIDO,90,68.0,,False,False,,
FUSARIUM JULIAN H20,ultrasonido,Grupo 2 - H18,2,0.0,,82.3529411764706,12.037283488047624,True,ULTRASONIDO,91,68.0,,False,False,,
FUSARIUM JULIAN H20,ultrasonido,Grupo 2 - H18,3,0.0,,66.17647058823529,,True,ULTRASONIDO,92,68.0,,False,False,,
FUSARIUM JULIAN H20,ultrasonido,Grupo 2 - H18,1,5.0,28.0,58.8235294117647,69.11764705882354,False,ULTRASONIDO,90,68.0,58.82352941176471,False,False,7.105427357601002e-15,0.3566749439387324
FUSARIUM JULIAN H20,ultrasonido,Grupo 2 - H18,2,5.0,12.0,82.3529411764706,12.037283488047624,False,ULTRASONIDO,91,68.0,82.35294117647058,False,False,-1.4210854715202004e-14,1.5404450409471486
FUSARIUM JULIAN H20,ultrasonido,Grupo 2 - H18,3,5.0,23.0,66.17647058823529,,False,ULTRASONIDO,92,68.0,66.17647058823529,False,False,0.0,0.67116827384117
FUSARIUM MARCE 1.2,ultrasonido,Grupo 3 - H27,1,0.0,60.0,43.333333333333336,50.0,True,ULTRASONIDO,93,60.0,,False,False,,
FUSARIUM MARCE 1.2,ultrasonido,Grupo 3 - H27,2,0.0,,66.66666666666667,14.5296631451356,True,ULTRASONIDO,94,60.0,,False,False,,
FUSARIUM MARCE 1.2,ultrasonido,Grupo 3 - H27,3,0.0,,40.0,,True,ULTRASONIDO,95,60.0,,False,False,,
FUSARIUM MARCE 1.2,ultrasonido,Grupo 3 - H27,1,5.0,34.0,43.333333333333336,50.0,False,ULTRASONIDO,93,60.0,43.333333333333336,False,False,0.0,-0.26826398659467926
FUSARIUM MARCE 1.2,ultrasonido,Grupo 3 - H27,2,5.0,20.0,66.66666666666667,14.5296631451356,False,ULTRASONIDO,94,60.0,66.66666666666667,False,False,0.0,0.6931471805599457
FUSARIUM MARCE 1.2,ultrasonido,Grupo 3 - H27,3,5.0,36.0,40.0,,False,ULTRASONIDO,95,60.0,40.0,False,False,0.0,-0.4054651081081643
H11G,ultrasonido,Grupo 4 - H33,1,0.0,26.0,26.923076923076923,37.17948717948718,True,ULTRASONIDO,57,26.0,,False,False,,
H11G,ultrasonido,Grupo 4 - H33,2,0.0,,53.84615384615385,14.56130345076993,True,ULTRASONIDO,58,26.0,,False,False,,
H11G,ultrasonido,Grupo 4 - H33,3,0.0,,30.76923076923077,,True,ULTRASONIDO,59,26.0,,False,False,,
H11G,ultrasonido,Grupo 4 - H33,1,5.0,19.0,26.923076923076923,37.17948717948718,False,ULTRASONIDO,57,26.0,26.923076923076927,False,False,3.552713678800501e-15,-0.9985288301111269
H11G,ultrasonido,Grupo 4 - H33,2,5.0,12.0,53.84615384615385,14.56130345076993,False,ULTRASONIDO,58,26.0,53.84615384615385,False,False,0.0,0.15415067982725816
H11G,ultrasonido,Grupo 4 - H33,3,5.0,18.0,30.76923076923077,,False,ULTRASONIDO,59,26.0,30.76923076923077,False,False,0.0,-0.8109302162163287
H1N,ultrasonido,Grupo 2 - H10,1,0.0,50.0,60.0,52.0,True,ULTRASONIDO,60,50.0,,False,False,,
H1N,ultrasonido,Grupo 2 - H10,2,0.0,,60.0,13.856406460551018,True,ULTRASONIDO,61,50.0,,False,False,,
H1N,ultrasonido,Grupo 2 - H10,3,0.0,,36.0,,True,ULTRASONIDO,62,50.0,,False,False,,
H1N,ultrasonido,Grupo 2 - H10,1,5.0,20.0,60.0,52.0,False,ULTRASONIDO,60,50.0,60.0,False,False,0.0,0.4054651081081642
H1N,ultrasonido,Grupo 2 - H10,2,5.0,20.0,60.0,13.856406460551018,False,ULTRASONIDO,61,50.0,60.0,False,False,0.0,0.4054651081081642
H1N,ultrasonido,Grupo 2 - H10,3,5.0,32.0,36.0,,False,ULTRASONIDO,62,50.0,36.0,False,False,0.0,-0.5753641449035618
H2N,ultrasonido,Grupo 2 - H11,1,0.0,54.0,70.37037037037037,67.90123456790123,True,ULTRASONIDO,63,54.0,,False,False,,
H2N,ultrasonido,Grupo 2 - H11,2,0.0,,66.66666666666667,2.138334330331942,True,ULTRASONIDO,64,54.0,,False,False,,
H2N,ultrasonido,Grupo 2 - H11,3,0.0,,66.66666666666667,,True,ULTRASONIDO,65,54.0,,False,False,,
H2N,ultrasonido,Grupo 2 - H11,1,5.0,16.0,70.37037037037037,67.90123456790123,False,ULTRASONIDO,63,54.0,70.37037037037037,False,False,0.0,0.8649974374866045
H2N,ultrasonido,Grupo 2 - H11,2,5.0,18.0,66.66666666666667,2.138334330331942,False,ULTRASONIDO,64,54.0,66.66666666666667,False,False,0.0,0.6931471805599457
H2N,ultrasonido,Grupo 2 - H11,3,5.0,18.0,66.66666666666667,,False,ULTRASONIDO,65,54.0,66.66666666666667,False,False,0.0,0.6931471805599457
H3N,ultrasonido,Grupo 2 - H12,1,0.0,50.0,60.0,57.333333333333336,True,ULTRASONIDO,66,50.0,,False,False,,
H3N,ultrasonido,Grupo 2 - H12,2,0.0,,64.0,8.326663997864513,True,ULTRASONIDO,67,50.0,,False,False,,
H3N,ultrasonido,Grupo 2 - H12,3,0.0,,48.0,,True,ULTRASONIDO,68,50.0,,False,False,,
H3N,ultrasonido,Grupo 2 - H12,1,5.0,20.0,60.0,57.333333333333336,False,ULTRASONIDO,66,50.0,60.0,False,False,0.0,0.4054651081081642
H3N,ultrasonido,Grupo 2 - H12,2,5.0,18.0,64.0,8.326663997864513,False,ULTRASONIDO,67,50.0,64.0,False,False,0.0,0.5753641449035619
H3N,ultrasonido,Grupo 2 - H12,3,5.0,26.0,48.0,,False,ULTRASONIDO,68,50.0,48.0,False,False,0.0,-0.0800427076735365
H4B,ultrasonido,Grupo 4 - H29,1,0.0,68.0,55.88235294117647,60.78431372549019,True,ULTRASONIDO,45,68.0,,False,False,,
H4B,ultrasonido,Grupo 4 - H29,2,0.0,,70.58823529411765,8.490445135141563,True,ULTRASONIDO,46,68.0,,False,False,,
H4B,ultrasonido,Grupo 4 - H29,3,0.0,,55.88235294117647,,True,ULTRASONIDO,47,68.0,,False,False,,
H4B,ultrasonido,Grupo 4 - H29,1,5.0,30.0,55.88235294117647,60.78431372549019,False,ULTRASONIDO,45,68.0,55.88235294117647,False,False,0.0,0.23638877806423053
H4B,ultrasonido,Grupo 4 - H29,2,5.0,20.0,70.58823529411765,8.490445135141563,False,ULTRASONIDO,46,68.0,70.58823529411764,False,False,-1.4210854715202004e-14,0.8754687373538997
H4B,ultrasonido,Grupo 4 - H29,3,5.0,30.0,55.88235294117647,,False,ULTRASONIDO,47,68.0,55.88235294117647,False,False,0.0,0.23638877806423053
H4G,ultrasonido,Grupo 4 - H31,1,0.0,54.0,44.44444444444444,56.17283950617284,True,ULTRASONIDO,51,54.0,,False,False,,
H4G,ultrasonido,Grupo 4 - H31,2,0.0,,75.92592592592592,17.206617116995492,True,ULTRASONIDO,52,54.0,,False,False,,
H4G,ultrasonido,Grupo 4 - H31,3,0.0,,48.14814814814815,,True,ULTRASONIDO,53,54.0,,False,False,,
H4G,ultrasonido,Grupo 4 - H31,1,5.0,30.0,44.44444444444444,56.17283950617284,False,ULTRASONIDO,51,54.0,44.44444444444444,False,False,0.0,-0.22314355131420985
H4G,ultrasonido,Grupo 4 - H31,2,5.0,13.0,75.92592592592592,17.206617116995492,False,ULTRASONIDO,52,54.0,75.92592592592592,False,False,0.0,1.1486227092427708
H4G,ultrasonido,Grupo 4 - H31,3,5.0,28.0,48.14814814814815,,False,ULTRASONIDO,53,54.0,48.14814814814815,False,False,0.0,-0.07410797215372172
H4N,ultrasonido,Grupo 2 - H13,1,0.0,58.0,65.51724137931035,63.218390804597696,True,ULTRASONIDO,69,58.0,,False,False,,
H4N,ultrasonido,Grupo 2 - H13,2,0.0,,68.96551724137932,7.178158618848738,True,ULTRASONIDO,70,58.0,,False,False,,
H4N,ultrasonido,Grupo 2 - H13,3,0.0,,55.172413793103445,,True,ULTRASONIDO,71,58.0,,False,False,,
H4N,ultrasonido,Grupo 2 - H13,1,5.0,20.0,65.51724137931035,63.218390804597696,False,ULTRASONIDO,69,58.0,65.51724137931035,False,False,0.0,0.6418538861723952
H4N,ultrasonido,Grupo 2 - H13,2,5.0,18.0,68.96551724137932,7.178158618848738,False,ULTRASONIDO,70,58.0,68.96551724137932,False,False,0.0,0.7985076962177718
H4N,ultrasonido,Grupo 2 - H13,3,5.0,26.0,55.172413793103445,,False,ULTRASONIDO,71,58.0,55.172413793103445,False,False,0.0,0.20763936477824455
H5N,ultrasonido,Grupo 2 - H14,1,0.0,60.0,66.66666666666667,62.22222222222223,True,ULTRASONIDO,72,60.0,,False,False,,
H5N,ultrasonido,Grupo 2 - H14,2,0.0,,70.0,10.71516751221435,True,ULTRASONIDO,73,60.0,,False,False,,
H5N,ultrasonido,Grupo 2 - H14,3,0.0,,50.0,,True,ULTRASONIDO,74,60.0,,False,False,,
H5N,ultrasonido,Grupo 2 - H14,1,5.0,20.0,66.66666666666667,62.22222222222223,False,ULTRASONIDO,72,60.0,66.66666666666667,False,False,0.0,0.6931471805599457
H5N,ultrasonido,Grupo 2 - H14,2,5.0,18.0,70.0,10.71516751221435,False,ULTRASONIDO,73,60.0,70.0,False,False,0.0,0.8472978603872034
H5N,ultrasonido,Grupo 2 - H14,3,5.0,30.0,50.0,,False,ULTRASONIDO,74,60.0,50.0,False,False,0.0,0.0
H6B,ultrasonido,Grupo 4 - H30,1,0.0,65.0,53.84615384615385,63.07692307692307,True,ULTRASONIDO,48,65.0,,False,False,,
H6B,ultrasonido,Grupo 4 - H30,2,0.0,,80.0,14.675987714106885,True,ULTRASONIDO,49,65.0,,False,False,,
H6B,ultrasonido,Grupo 4 - H30,3,0.0,,55.38461538461539,,True,ULTRASONIDO,50,65.0,,False,False,,
H6B,ultrasonido,Grupo 4 - H30,1,5.0,30.0,53.84615384615385,63.07692307692307,False,ULTRASONIDO,48,65.0,53.84615384615385,False,False,0.0,0.15415067982725816
H6B,ultrasonido,Grupo 4 - H30,2,5.0,13.0,80.0,14.675987714106885,False,ULTRASONIDO,49,65.0,80.0,False,False,0.0,1.3862943611198908
H6B,ultrasonido,Grupo 4 - H30,3,5.0,29.0,55.38461538461539,,False,ULTRASONIDO,50,65.0,55.38461538461539,False,False,0.0,0.2162231084696362
H6N,ultrasonido,Grupo 2 - H15,1,0.0,50.0,64.0,60.0,True,ULTRASONIDO,75,50.0,,False,False,,
H6N,ultrasonido,Grupo 2 - H15,2,0.0,,64.0,6.928203230275509,True,ULTRASONIDO,76,50.0,,False,False,,
H6N,ultrasonido,Grupo 2 - H15,3,0.0,,52.0,,True,ULTRASONIDO,77,50.0,,False,False,,
H6N,ultrasonido,Grupo 2 - H15,1,5.0,18.0,64.0,60.0,False,ULTRASONIDO,75,50.0,64.0,False,False,0.0,0.5753641449035619
H6N,ultrasonido,Grupo 2 - H15,2,5.0,18.0,64.0,6.928203230275509,False,ULTRASONIDO,76,50.0,64.0,False,False,0.0,0.5753641449035619
H6N,ultrasonido,Grupo 2 - H15,3,5.0,24.0,52.0,,False,ULTRASONIDO,77,50.0,52.0,False,False,0.0,0.08004270767353656
H8G,ultrasonido,Grupo 4 - H32,1,0.0,30.0,36.66666666666666,38.888888888888886,True,ULTRASONIDO,54,30.0,,False,False,,
H8G,ultrasonido,Grupo 4 - H32,2,0.0,,36.66666666666666,3.849001794597508,True,ULTRASONIDO,55,30.0,,False,False,,
H8G,ultrasonido,Grupo 4 - H32,3,0.0,,43.333333333333336,,True,ULTRASONIDO,56,30.0,,False,False,,
H8G,ultrasonido,Grupo 4 - H32,1,5.0,19.0,36.66666666666666,38.888888888888886,False,ULTRASONIDO,54,30.0,36.66666666666667,False,False,1.4210854715202004e-14,-0.5465437063680699
H8G,ultrasonido,Grupo 4 - H32,2,5.0,19.0,36.66666666666666,3.849001794597508,False,ULTRASONIDO,55,30.0,36.66666666666667,False,False,1.4210854715202004e-14,-0.5465437063680699
H8G,ultrasonido,Grupo 4 - H32,3,5.0,17.0,43.333333333333336,,False,ULTRASONIDO,56,30.0,43.333333333333336,False,False,0.0,-0.26826398659467926
H8N,ultrasonido,Grupo 3 - H24,1,0.0,74.0,51.35135135135136,61.26126126126127,True,ULTRASONIDO,78,74.0,,False,False,,
H8N,ultrasonido,Grupo 3 - H24,2,0.0,,75.67567567567568,12.772474665547575,True,ULTRASONIDO,79,74.0,,False,False,,
H8N,ultrasonido,Grupo 3 - H24,3,0.0,,56.75675675675676,,True,ULTRASONIDO,80,74.0,,False,False,,
H8N,ultrasonido,Grupo 3 - H24,1,5.0,36.0,51.35135135135136,61.26126126126127,False,ULTRASONIDO,78,74.0,51.35135135135135,False,False,-1.4210854715202004e-14,0.05406722127027558
H8N,ultrasonido,Grupo 3 - H24,2,5.0,18.0,75.67567567567568,12.772474665547575,False,ULTRASONIDO,79,74.0,75.67567567567568,False,False,0.0,1.1349799328389847
H8N,ultrasonido,Grupo 3 - H24,3,5.0,32.0,56.75675675675676,,False,ULTRASONIDO,80,74.0,56.75675675675676,False,False,0.0,0.2719337154836416
H9N,ultrasonido,Grupo 2 - H16,1,0.0,70.0,48.57142857142857,59.523809523809526,True,ULTRASONIDO,81,70.0,,False,False,,
H9N,ultrasonido,Grupo 2 - H16,2,0.0,,74.28571428571429,13.273676061682206,True,ULTRASONIDO,82,70.0,,False,False,,
H9N,ultrasonido,Grupo 2 - H16,3,0.0,,55.71428571428572,,True,ULTRASONIDO,83,70.0,,False,False,,
H9N,ultrasonido,Grupo 2 - H16,1,5.0,36.0,48.57142857142857,59.523809523809526,False,ULTRASONIDO,81,70.0,48.57142857142858,False,False,7.105427357601002e-15,-0.0571584138399484
H9N,ultrasonido,Grupo 2 - H16,2,5.0,18.0,74.28571428571429,13.273676061682206,False,ULTRASONIDO,82,70.0,74.28571428571429,False,False,0.0,1.0608719606852628
H9N,ultrasonido,Grupo 2 - H16,3,5.0,31.0,55.71428571428572,,False,ULTRASONIDO,83,70.0,55.714285714285715,False,False,-7.105427357601002e-15,0.22957444164450017
HC10,ultrasonido,Grupo 1 - H2,1,0.0,60.0,60.0,55.55555555555555,True,ULTRASONIDO,15,60.0,,False,False,,
HC10,ultrasonido,Grupo 1 - H2,2,0.0,,60.0,7.698003589195061,True,ULTRASONIDO,16,60.0,,False,False,,
HC10,ultrasonido,Grupo 1 - H2,3,0.0,,46.66666666666666,,True,ULTRASONIDO,17,60.0,,False,False,,
HC10,ultrasonido,Grupo 1 - H2,1,5.0,24.0,60.0,55.55555555555555,False,ULTRASONIDO,15,60.0,60.0,False,False,0.0,0.4054651081081642
HC10,ultrasonido,Grupo 1 - H2,2,5.0,24.0,60.0,7.698003589195061,False,ULTRASONIDO,16,60.0,60.0,False,False,0.0,0.4054651081081642
HC10,ultrasonido,Grupo 1 - H2,3,5.0,32.0,46.66666666666666,,False,ULTRASONIDO,17,60.0,46.666666666666664,False,False,7.105427357601002e-15,-0.13353139262452288
HC15,ultrasonido,Grupo 1 - H3,1,0.0,60.0,56.66666666666666,53.333333333333336,True,ULTRASONIDO,18,60.0,,False,False,,
HC15,ultrasonido,Grupo 1 - H3,2,0.0,,60.0,8.819171036881945,True,ULTRASONIDO,19,60.0,,False,False,,
HC15,ultrasonido,Grupo 1 - H3,3,0.0,,43.333333333333336,,True,ULTRASONIDO,20,60.0,,False,False,,
HC15,ultrasonido,Grupo 1 - H3,1,5.0,26.0,56.66666666666666,53.333333333333336,False,ULTRASONIDO,18,60.0,56.666666666666664,False,False,7.105427357601002e-15,0.26826398659467937
HC15,ultrasonido,Grupo 1 - H3,2,5.0,24.0,60.0,8.819171036881945,False,ULTRASONIDO,19,60.0,60.0,False,False,0.0,0.4054651081081642
HC15,ultrasonido,Grupo 1 - H3,3,5.0,34.0,43.333333333333336,,False,ULTRASONIDO,20,60.0,43.333333333333336,False,False,0.0,-0.26826398659467926
HC16,ultrasonido,Grupo 1 - H4,1,0.0,58.0,58.62068965517241,57.4712643678161,True,ULTRASONIDO,21,58.0,,False,False,,
HC16,ultrasonido,Grupo 1 - H4,2,0.0,,68.96551724137932,12.109946842359465,True,ULTRASONIDO,22,58.0,,False,False,,
HC16,ultrasonido,Grupo 1 - H4,3,0.0,,44.82758620689656,,True,ULTRASONIDO,23,58.0,,False,False,,
HC16,ultrasonido,Grupo 1 - H4,1,5.0,24.0,58.62068965517241,57.4712643678161,False,ULTRASONIDO,21,58.0,58.62068965517242,False,False,7.105427357601002e-15,0.348306694268216
HC16,ultrasonido,Grupo 1 - H4,2,5.0,18.0,68.96551724137932,12.109946842359465,False,ULTRASONIDO,22,58.0,68.96551724137932,False,False,0.0,0.7985076962177718
HC16,ultrasonido,Grupo 1 - H4,3,5.0,32.0,44.82758620689656,,False,ULTRASONIDO,23,58.0,44.827586206896555,False,False,-7.105427357601002e-15,-0.2076393647782445
HC17,ultrasonido,Grupo 3 - H21,1,0.0,75.0,50.66666666666666,56.0,True,ULTRASONIDO,24,75.0,,False,False,,
HC17,ultrasonido,Grupo 3 - H21,2,0.0,,65.33333333333333,8.110350040397602,True,ULTRASONIDO,25,75.0,,False,False,,
HC17,ultrasonido,Grupo 3 - H21,3,0.0,,52.0,,True,ULTRASONIDO,26,75.0,,False,False,,
HC17,ultrasonido,Grupo 3 - H21,1,5.0,37.0,50.66666666666666,56.0,False,ULTRASONIDO,24,75.0,50.66666666666666,False,False,0.0,0.026668247082161055
HC17,ultrasonido,Grupo 3 - H21,2,5.0,26.0,65.33333333333333,8.110350040397602,False,ULTRASONIDO,25,75.0,65.33333333333333,False,False,0.0,0.6337237600891445
HC17,ultrasonido,Grupo 3 - H21,3,5.0,36.0,52.0,,False,ULTRASONIDO,26,75.0,52.0,False,False,0.0,0.08004270767353656
HC19,ultrasonido,Grupo 1 - H5,1,0.0,46.0,34.78260869565217,34.78260869565217,True,ULTRASONIDO,27,46.0,,False,False,,
HC19,ultrasonido,Grupo 1 - H5,2,0.0,,43.47826086956522,8.69565217391305,True,ULTRASONIDO,28,46.0,,False,False,,
HC19,ultrasonido,Grupo 1 - H5,3,0.0,,26.08695652173913,,True,ULTRASONIDO,29,46.0,,False,False,,
HC19,ultrasonido,Grupo 1 - H5,1,5.0,30.0,34.78260869565217,34.78260869565217,False,ULTRASONIDO,27,46.0,34.78260869565217,False,False,0.0,-0.6286086594223742
HC19,ultrasonido,Grupo 1 - H5,2,5.0,26.0,43.47826086956522,8.69565217391305,False,ULTRASONIDO,28,46.0,43.47826086956522,False,False,0.0,-0.2623642644674911
HC19,ultrasonido,Grupo 1 - H5,3,5.0,34.0,26.08695652173913,,False,ULTRASONIDO,29,46.0,26.086956521739136,False,False,7.105427357601002e-15,-1.0414538748281608
HC20,ultrasonido,Grupo 1 - H6,1,0.0,46.0,56.52173913043478,50.724637681159415,True,ULTRASONIDO,30,46.0,,False,False,,
HC20,ultrasonido,Grupo 1 - H6,2,0.0,,56.52173913043478,10.040874246776117,True,ULTRASONIDO,31,46.0,,False,False,,
HC20,ultrasonido,Grupo 1 - H6,3,0.0,,39.130434782608695,,True,ULTRASONIDO,32,46.0,,False,False,,
HC20,ultrasonido,Grupo 1 - H6,1,5.0,20.0,56.52173913043478,50.724637681159415,False,ULTRASONIDO,30,46.0,56.52173913043479,False,False,7.105427357601002e-15,0.2623642644674913
HC20,ultrasonido,Grupo 1 - H6,2,5.0,20.0,56.52173913043478,10.040874246776117,False,ULTRASONIDO,31,46.0,56.52173913043479,False,False,7.105427357601002e-15,0.2623642644674913
HC20,ultrasonido,Grupo 1 - H6,3,5.0,28.0,39.130434782608695,,False,ULTRASONIDO,32,46.0,39.13043478260869,False,False,-7.105427357601002e-15,-0.4418327522790395
HC23,ultrasonido,Grupo 1 - H7,1,0.0,58.0,55.172413793103445,55.17241379310345,True,ULTRASONIDO,33,58.0,,False,False,,
HC23,ultrasonido,Grupo 1 - H7,2,0.0,,65.51724137931035,10.34482758620692,True,ULTRASONIDO,34,58.0,,False,False,,
HC23,ultrasonido,Grupo 1 - H7,3,0.0,,44.82758620689656,,True,ULTRASONIDO,35,58.0,,False,False,,
HC23,ultrasonido,Grupo 1 - H7,1,5.0,26.0,55.172413793103445,55.17241379310345,False,ULTRASONIDO,33,58.0,55.172413793103445,False,False,0.0,0.20763936477824455
HC23,ultrasonido,Grupo 1 - H7,2,5.0,20.0,65.51724137931035,10.34482758620692,False,ULTRASONIDO,34,58.0,65.51724137931035,False,False,0.0,0.6418538861723952
HC23,ultrasonido,Grupo 1 - H7,3,5.0,32.0,44.82758620689656,,False,ULTRASONIDO,35,58.0,44.827586206896555,False,False,-7.105427357601002e-15,-0.2076393647782445
HC26,ultrasonido,Grupo 3 - H22,1,0.0,57.0,64.91228070175438,62.57309941520467,True,ULTRASONIDO,36,57.0,,False,False,,
HC26,ultrasonido,Grupo 3 - H22,2,0.0,,71.9298245614035,10.719475309838224,True,ULTRASONIDO,37,57.0,,False,False,,
HC26,ultrasonido,Grupo 3 - H22,3,0.0,,50.87719298245614,,True,ULTRASONIDO,38,57.0,,False,False,,
HC26,ultrasonido,Grupo 3 - H22,1,5.0,20.0,64.91228070175438,62.57309941520467,False,ULTRASONIDO,36,57.0,64.91228070175438,False,False,0.0,0.6151856390902335
HC26,ultrasonido,Grupo 3 - H22,2,5.0,16.0,71.9298245614035,10.719475309838224,False,ULTRASONIDO,37,57.0,71.9298245614035,False,False,0.0,0.9409833444645266
HC26,ultrasonido,Grupo 3 - H22,3,5.0,28.0,50.87719298245614,,False,ULTRASONIDO,38,57.0,50.877192982456144,False,False,7.105427357601002e-15,0.03509131981127019
HC27,ultrasonido,Grupo 1 - H8,1,0.0,50.0,40.0,41.333333333333336,True,ULTRASONIDO,39,50.0,,False,False,,
HC27,ultrasonido,Grupo 1 - H8,2,0.0,,52.0,10.06644591369434,True,ULTRASONIDO,40,50.0,,False,False,,
HC27,ultrasonido,Grupo 1 - H8,3,0.0,,32.0,,True,ULTRASONIDO,41,50.0,,False,False,,
HC27,ultrasonido,Grupo 1 - H8,1,5.0,30.0,40.0,41.333333333333336,False,ULTRASONIDO,39,50.0,40.0,False,False,0.0,-0.4054651081081643
HC27,ultrasonido,Grupo 1 - H8,2,5.0,24.0,52.0,10.06644591369434,False,ULTRASONIDO,40,50.0,52.0,False,False,0.0,0.08004270767353656
HC27,ultrasonido,Grupo 1 - H8,3,5.0,34.0,32.0,,False,ULTRASONIDO,41,50.0,31.999999999999996,False,False,-3.552713678800501e-15,-0.7537718023763804
HC28,ultrasonido,Grupo 1 - H9,1,0.0,50.0,64.0,57.333333333333336,True,ULTRASONIDO,42,50.0,,False,False,,
HC28,ultrasonido,Grupo 1 - H9,2,0.0,,60.0,8.326663997864513,True,ULTRASONIDO,43,50.0,,False,False,,
HC28,ultrasonido,Grupo 1 - H9,3,0.0,,48.0,,True,ULTRASONIDO,44,50.0,,False,False,,
HC28,ultrasonido,Grupo 1 - H9,1,5.0,18.0,64.0,57.333333333333336,False,ULTRASONIDO,42,50.0,64.0,False,False,0.0,0.5753641449035619
HC28,ultrasonido,Grupo 1 - H9,2,5.0,20.0,60.0,8.326663997864513,False,ULTRASONIDO,43,50.0,60.0,False,False,0.0,0.4054651081081642
HC28,ultrasonido,Grupo 1 - H9,3,5.0,26.0,48.0,,False,ULTRASONIDO,44,50.0,48.0,False,False,0.0,-0.0800427076735365
HC3,ultrasonido,Grupo 3 - H19,1,0.0,68.0,48.52941176470589,60.29411764705882,True,ULTRASONIDO,3,68.0,,False,False,,
HC3,ultrasonido,Grupo 3 - H19,2,0.0,,77.94117647058823,15.563243006262304,True,ULTRASONIDO,4,68.0,,False,False,,
HC3,ultrasonido,Grupo 3 - H19,3,0.0,,54.41176470588236,,True,ULTRASONIDO,5,68.0,,False,False,,
HC3,ultrasonido,Grupo 3 - H19,1,5.0,35.0,48.52941176470589,60.29411764705882,False,ULTRASONIDO,3,68.0,48.529411764705884,False,False,-7.105427357601002e-15,-0.05884050002293335
HC3,ultrasonido,Grupo 3 - H19,2,5.0,15.0,77.94117647058823,15.563243006262304,False,ULTRASONIDO,4,68.0,77.94117647058823,False,False,0.0,1.262241712449912
HC3,ultrasonido,Grupo 3 - H19,3,5.0,31.0,54.41176470588236,,False,ULTRASONIDO,5,68.0,54.41176470588236,False,False,0.0,0.17693070815907844
HC5,ultrasonido,Grupo 1 - H1,1,0.0,46.0,69.56521739130434,63.76811594202898,True,ULTRASONIDO,6,46.0,,False,False,,
HC5,ultrasonido,Grupo 1 - H1,2,0.0,,69.56521739130434,10.040874246776138,True,ULTRASONIDO,7,46.0,,False,False,,
HC5,ultrasonido,Grupo 1 - H1,3,0.0,,52.17391304347826,,True,ULTRASONIDO,8,46.0,,False,False,,
HC5,ultrasonido,Grupo 1 - H1,1,5.0,14.0,69.56521739130434,63.76811594202898,False,ULTRASONIDO,6,46.0,69.56521739130434,False,False,0.0,0.8266785731844679
HC5,ultrasonido,Grupo 1 - H1,2,5.0,14.0,69.56521739130434,10.040874246776138,False,ULTRASONIDO,7,46.0,69.56521739130434,False,False,0.0,0.8266785731844679
HC5,ultrasonido,Grupo 1 - H1,3,5.0,22.0,52.17391304347826,,False,ULTRASONIDO,8,46.0,52.17391304347826,False,False,0.0,0.0870113769896297
HC6,ultrasonido,Grupo 4 - H28,1,0.0,54.0,31.48148148148148,37.03703703703703,True,ULTRASONIDO,9,54.0,,False,False,,
HC6,ultrasonido,Grupo 4 - H28,2,0.0,,48.14814814814815,9.622504486493789,True,ULTRASONIDO,10,54.0,,False,False,,
HC6,ultrasonido,Grupo 4 - H28,3,0.0,,31.48148148148148,,True,ULTRASONIDO,11,54.0,,False,False,,
HC6,ultrasonido,Grupo 4 - H28,1,5.0,37.0,31.48148148148148,37.03703703703703,False,ULTRASONIDO,9,54.0,31.481481481481477,False,False,-3.552713678800501e-15,-0.7777045685880085
HC6,ultrasonido,Grupo 4 - H28,2,5.0,28.0,48.14814814814815,9.622504486493789,False,ULTRASONIDO,10,54.0,48.14814814814815,False,False,0.0,-0.07410797215372172
HC6,ultrasonido,Grupo 4 - H28,3,5.0,37.0,31.48148148148148,,False,ULTRASONIDO,11,54.0,31.481481481481477,False,False,-3.552713678800501e-15,-0.7777045685880085
HC9,ultrasonido,Grupo 3 - H20,1,0.0,64.0,59.375,60.41666666666666,True,ULTRASONIDO,12,64.0,,False,False,,
HC9,ultrasonido,Grupo 3 - H20,2,0.0,,59.375,1.8042195912175805,True,ULTRASONIDO,13,64.0,,False,False,,
HC9,ultrasonido,Grupo 3 - H20,3,0.0,,62.5,,True,ULTRASONIDO,14,64.0,,False,False,,
HC9,ultrasonido,Grupo 3 - H20,1,5.0,26.0,59.375,60.41666666666666,False,ULTRASONIDO,12,64.0,59.375,False,False,0.0,0.3794896217049037
HC9,ultrasonido,Grupo 3 - H20,2,5.0,26.0,59.375,1.8042195912175805,False,ULTRASONIDO,13,64.0,59.375,False,False,0.0,0.3794896217049037
HC9,ultrasonido,Grupo 3 - H20,3,5.0,24.0,62.5,,False,ULTRASONIDO,14,64.0,62.5,False,False,0.0,0.5108256237659907
